公司,2013Q1,2013Q2,2013Q3,2013Q4,2014Q1,2014Q2,2014Q3,2014Q4,2015Q1,2015Q2,2015Q3,2015Q4,2016Q1,2016Q2,2016Q3,2016Q4,2017Q1,2017Q2,2017Q3,2017Q4,2018Q1,2018Q2,2018Q3,2018Q4,2019Q1,2019Q2,2019Q3,2019Q4,2020Q1,2020Q2,2020Q3,2020Q4,2021Q1,2021Q2,2021Q3,2021Q4,2022Q1,2022Q2,2022Q3,2022Q4,2023Q1,2023Q2,2023Q3,2023Q4,2024Q1,2024Q2,2024Q3,2024Q4,Category
6414 樺漢,-,228.44,265.42,285.74,443.20,378.87,331.51,242.07,256.52,245.78,233.33,216.43,139.55,173.94,238.03,142.64,273.75,142.17,157.10,172.84,160.93,105.74,105.68,106.58,137.50,143.62,138.71,133.56,141.82,136.25,132.40,136.13,124.66,122.00,122.88,140.30,143.95,140.18,134.35,149.46,137.54,138.73,148.72,142.79,144.26,144.94,147.34,145.97,CurrentRatio
6570 維田,-,-,-,-,-,-,-,-,-,308.06,-,354.84,-,308.43,-,495.47,-,317.01,463.48,456.72,447.18,346.93,403.44,383.00,347.13,270.84,306.52,384.60,365.24,263.90,266.89,255.20,219.84,240.96,226.48,245.97,244.62,249.10,279.34,316.46,216.67,225.20,353.95,367.26,236.16,150.39,291.43,309.67,CurrentRatio
6245 立端,185.69,172.42,152.39,188.18,200.79,201.78,194.59,166.63,177.77,160.94,166.81,168.34,179.88,160.51,191.59,188.90,222.47,180.87,186.47,191.92,227.61,181.07,181.86,176.36,206.96,185.92,200.62,197.30,209.67,196.80,198.76,236.04,264.39,205.81,223.02,207.40,249.89,210.15,222.30,171.54,189.20,183.96,184.03,257.87,276.02,240.33,307.91,309.61,CurrentRatio
3416 融程電,241.78,191.60,353.35,375.91,403.25,257.64,516.51,477.27,516.74,287.57,513.15,500.91,577.64,309.12,503.46,436.21,514.73,302.94,466.67,524.42,659.54,351.61,526.63,491.77,503.05,334.51,310.93,462.22,442.66,263.02,332.09,311.02,456.27,288.72,389.11,313.25,210.66,165.75,192.86,199.67,199.24,216.84,307.30,288.47,242.06,250.17,389.68,319.64,CurrentRatio
公司平均數,213.74,197.49,257.05,283.28,349.08,279.43,347.54,295.32,317.01,250.59,304.43,310.13,299.02,238.00,311.03,315.81,336.98,235.75,318.43,336.47,373.81,246.34,304.40,289.43,298.66,233.72,239.19,294.42,289.85,214.99,232.53,234.60,266.29,214.37,240.37,226.73,212.28,191.29,207.21,209.28,185.66,191.18,248.50,264.10,224.62,196.46,284.09,271.22,CurrentRatio
電腦及週邊設備業,136.98,134.14,135.22,137.04,140.15,133.54,134.93,134.76,140.55,135.01,134.98,142.35,146.32,138.61,137.35,139.08,143.47,134.10,131.93,134.59,138.44,132.60,130.58,134.44,138.76,134.10,134.60,137.69,137.91,131.32,131.22,135.25,135.86,132.74,133.01,133.83,132.52,130.63,135.03,138.59,136.42,138.66,140.65,145.14,141.72,140.37,145.01,146.08,CurrentRatio
通信網路業,152.79,131.00,144.54,126.97,136.31,122.62,132.47,138.28,144.47,127.31,136.13,144.39,152.29,130.76,141.15,146.78,154.84,128.84,140.27,135.12,153.37,134.91,145.23,150.59,157.59,133.58,143.14,156.99,131.71,122.55,128.35,138.54,138.29,123.96,129.47,139.17,143.75,127.87,135.92,141.86,147.36,134.46,143.35,148.30,146.36,127.90,141.35,147.07,CurrentRatio
6414 樺漢,-,212.20,235.73,249.38,379.69,302.47,273.85,181.72,199.37,195.12,185.72,170.54,105.52,131.70,184.40,110.46,235.32,109.01,118.28,140.12,128.00,81.16,77.67,81.85,103.16,111.59,108.03,106.17,109.26,104.67,101.12,105.75,95.12,91.08,89.17,106.55,103.42,95.91,90.93,111.29,99.46,99.61,107.30,107.36,100.17,99.91,99.02,103.70,QuickRatio
6570 維田,-,-,-,-,-,-,-,-,-,191.37,-,245.38,-,231.92,-,388.96,-,238.20,335.56,347.86,337.17,272.85,302.28,301.16,267.10,212.01,221.68,290.61,272.66,193.05,180.43,183.43,146.76,152.40,128.58,148.78,134.23,158.93,172.07,208.80,137.21,160.44,248.83,264.60,167.52,104.90,197.98,223.31,QuickRatio
6245 立端,104.01,94.44,71.50,103.99,106.19,104.25,99.54,95.75,92.58,88.34,82.56,86.38,90.09,86.31,101.98,112.11,117.59,101.16,88.97,103.76,111.03,99.14,88.49,95.70,114.11,111.17,113.43,112.50,102.14,110.28,118.57,162.92,175.40,121.01,125.86,123.19,132.04,113.91,120.70,108.18,120.02,128.45,133.37,187.96,198.52,177.94,228.60,240.59,QuickRatio
3416 融程電,191.59,153.20,276.72,306.98,321.59,204.34,420.30,403.68,442.58,246.75,427.21,432.09,497.95,268.08,413.16,358.81,416.53,240.89,366.08,446.93,560.35,298.48,439.11,419.59,433.51,291.11,247.01,381.25,359.10,202.64,242.69,230.57,364.42,229.59,289.70,232.41,150.18,116.28,137.02,147.17,148.85,166.92,240.13,227.79,198.48,205.52,314.22,251.07,QuickRatio
公司平均數,147.80,153.28,194.65,220.12,269.16,203.69,264.56,227.05,244.84,180.39,231.83,233.60,231.19,179.50,233.18,242.58,256.48,172.31,227.22,259.67,284.14,187.91,226.89,224.58,229.47,181.47,172.54,222.63,210.79,152.66,160.70,170.67,195.43,148.52,158.33,152.73,129.97,121.26,130.18,143.86,126.39,138.85,182.41,196.93,166.17,147.07,209.95,204.67,QuickRatio
電腦及週邊設備業,101.28,99.37,99.40,104.65,106.62,100.35,97.23,101.21,102.87,97.94,94.70,104.15,107.31,103.21,100.94,103.86,104.69,97.57,93.48,97.57,99.74,95.37,88.91,95.16,96.37,96.69,94.48,101.61,95.19,93.89,92.40,97.82,94.09,89.41,86.22,89.27,80.84,79.51,84.35,90.60,91.49,95.55,98.77,103.72,97.83,96.02,100.17,100.43,QuickRatio
通信網路業,115.89,104.08,111.21,97.54,102.74,95.28,100.52,108.65,111.97,100.00,104.99,112.55,117.60,103.83,109.08,116.47,119.45,99.93,104.45,104.77,117.95,105.49,108.04,115.33,119.85,103.50,108.63,122.23,97.72,92.34,96.08,106.02,102.38,91.10,88.92,98.56,98.42,88.63,92.75,100.33,102.37,97.25,101.35,110.05,108.32,96.42,104.05,112.45,QuickRatio
6414 樺漢,-,"1,464.3",421.17,366.53,"3,162.23",-,-,-,178.22,109.36,126.89,121.44,147.28,51.25,45.88,23.11,10.1,6.65,7.99,10.04,6.26,7.01,11.19,9.48,5.91,6.47,7.93,10.09,6.16,9.61,8.22,9.58,6.26,7.6,8.8,12.64,8.84,12.4,14.73,-2.03,7.97,9.82,7.29,4.67,5.98,4.9,5.88,5.72,InterestCoverage
6570 維田,-,-,-,-,-,-,-,-,-,262.14,-,858.86,-,801.03,-,"2,580.18",-,"1,941.67","2,780",38.32,19.59,29.47,33.42,72.46,53.95,68.26,34.68,31.15,19.31,39.74,19.68,-2.07,15.95,26.46,38.28,39.14,30.29,31.05,69.8,38.1,29.37,43.04,25.31,6.87,19.98,22.21,12.42,9.18,InterestCoverage
6245 立端,53.83,49.37,41.19,36.85,31.26,22.25,42.43,72.85,43.13,29.62,70.57,67.82,43.29,59.73,59.73,175.14,122.46,68.62,172.65,186.54,147.81,265.63,229.74,157.23,73.87,102.54,102.6,89.78,49.3,561.39,140.95,80.14,31.42,23.95,45.95,64.18,33.59,65.06,103.29,108.92,99.84,107.77,89.91,344.75,494.15,471.11,413.05,314.04,InterestCoverage
3416 融程電,93.08,91.82,155.57,-,-,-,-,-,-,-,-,-,-,-,-,-,-,-,-,-,-,-,-,-36.9,"2,705.15",676.4,641.44,508.04,666.66,711.8,"1,240.96","1,330.06",470.39,61.17,83.15,54.09,64.39,63.74,115.04,84.23,92.52,197.97,271.37,210.14,57.53,55.07,57.88,52.29,InterestCoverage
公司平均數,73.455,535.163,205.977,201.69,"1,596.745",22.25,42.43,72.85,110.675,133.707,98.73,349.373,95.285,304.003,52.805,926.143,66.28,672.313,986.88,78.3,57.887,100.703,91.45,50.567,709.72,213.418,196.663,159.765,185.358,330.635,352.452,354.428,131.005,29.795,44.045,42.513,34.278,43.063,75.715,57.305,57.425,89.65,98.47,141.608,144.41,138.323,122.307,95.308,InterestCoverage
電腦及週邊設備業,12.51,11.92,7.65,11.2,8.79,11.49,13.21,13.87,12.98,12.9,18.14,17.79,15.25,15.59,17.96,17.05,11.12,11.9,11.1,9.67,7.28,7.92,8.71,8.04,5.36,6.96,10.15,10.52,7.1,21.35,29.91,27.62,28.27,39.06,40.38,35.21,24.37,15.74,14.29,6.39,5.44,8.24,10.44,7.89,9.61,11.43,11.11,9.86,InterestCoverage
通信網路業,67.66,72.24,56.6,52.16,43.39,53.26,40.32,21.19,38.16,29.96,41.83,34.9,42.23,42.72,38.18,35.55,36.33,44.23,40.06,21.72,93.27,44.05,38.35,31.69,29.7,31.67,36.2,28.88,27.52,32.96,38.21,34.94,31.29,32.77,37.47,36.9,33.04,34.38,32.45,22.47,21.77,24.67,24.06,20.39,21.02,24.84,22.11,21.42,InterestCoverage
6414 樺漢,-,"772,413","861,574","700,565","692,375","955,745","1,300,908","2,103,052","2,386,265","2,613,356","2,797,917","3,259,120","3,118,041","3,574,545","3,821,356","3,957,707","3,653,858","4,232,134","11,889,083","15,128,989","10,824,168","14,674,499","19,980,782","23,483,010","17,605,752","18,724,906","20,632,899","24,542,659","17,867,817","18,559,009","21,132,304","26,532,355","20,191,237","22,805,189","23,413,689","30,146,531","24,272,320","26,839,352","32,160,890","24,955,971","28,491,310","28,961,587","29,962,664","34,225,415","32,717,014","36,321,094","37,712,210","39,633,402",Revenue
6570 維田,-,-,-,-,-,-,-,-,-,"258,981",-,"291,461",-,"285,145",-,"275,547",-,"291,397","144,749","131,678","145,799","155,062","140,973","190,728","187,729","212,259","178,250","194,241","147,936","150,789","153,541","155,629","156,359","216,120","240,499","261,189","227,570","253,210","359,860","296,285","230,534","275,389","226,462","211,433","226,391","241,046","211,351","210,022",Revenue
6245 立端,"818,434","916,236","1,023,551","1,146,528","1,009,898","1,053,891","1,104,421","1,367,654","1,176,820","1,298,787","1,362,087","1,601,805","1,387,070","1,579,286","1,446,510","1,707,182","1,401,093","1,519,738","1,635,828","1,877,840","1,522,484","1,812,889","1,866,703","2,258,704","1,937,571","1,716,521","1,936,371","2,134,335","1,550,942","1,744,008","2,157,965","2,049,767","1,729,189","1,616,142","2,035,535","2,299,644","1,802,707","2,338,418","2,541,727","3,136,234","2,206,539","2,211,135","1,793,033","2,160,630","1,657,611","1,640,348","2,049,592","2,103,069",Revenue
3416 融程電,"348,833","342,605","415,427","386,284","327,506","370,480","404,923","413,045","381,247","365,977","319,991","450,007","340,383","334,090","311,096","361,118","350,804","332,782","344,393","386,907","389,209","393,626","355,694","426,824","401,343","446,471","411,502","406,279","349,988","371,456","555,825","568,256","584,698","611,139","683,009","622,781","587,714","606,922","763,959","700,701","626,040","688,477","679,051","604,965","700,190","740,249","783,726","833,440",Revenue
公司平均數,"583,633.5","677,084.7","766,850.7","744,459","676,593","793,372","936,750.7","1,294,583.6","1,314,777.4","1,134,275.2","1,493,331.6","1,400,598.2","1,615,164.6","1,443,266.5","1,859,654","1,575,388.5","1,801,918.4","1,594,012.8","3,503,513.2","4,381,354","3,220,415","4,259,019","5,586,038.5","6,589,816.5","5,033,099","5,275,039","5,789,755.5","6,819,379","4,979,170.5","5,206,315","5,999,908","7,326,502","5,665,370.5","6,312,147","6,593,183","8,332,536","6,722,577.5","7,509,475.5","8,956,609","7,272,298","7,888,606","8,034,147","8,165,303","9,300,611","8,825,302","9,735,685","10,189,220","10,694,983",Revenue
電腦及週邊設備業,"13,986,303.82","13,166,740.06","14,959,598.66","15,591,904.09","13,683,472.66","13,587,406.34","15,463,299.05","16,881,089.53","14,455,374.69","13,420,598.54","16,192,902.69","16,941,541.91","13,680,113.52","12,589,447.7","15,277,925.94","16,220,416.66","13,662,422.79","14,035,632.7","16,463,450.08","17,842,889.92","14,328,704.02","14,439,938.07","17,071,284.32","18,418,623.96","14,301,086.48","15,044,752.42","16,438,916.1","17,918,398.82","12,635,767.41","16,657,812.02","18,130,589.86","19,691,891.38","15,504,765.28","16,578,353.88","18,404,080.7","21,664,962.23","18,114,452.42","17,224,535.11","19,985,328.31","18,419,520.81","15,960,684.97","15,616,720.34","16,967,780.69","17,129,622.16","15,576,327.02","17,449,043.04","19,952,376.2","20,785,447.89",Revenue
通信網路業,"3,551,413.64","3,865,080.74","3,740,610.25","3,577,793.53","3,280,042.36","3,485,974.46","3,488,860.33","3,516,345.76","3,321,648.71","3,033,481.15","3,126,199.49","3,152,028.69","2,945,978.47","2,829,794.6","3,121,312.37","2,959,721.08","2,825,290.05","2,737,696.09","2,957,029.04","2,959,971.23","2,619,316.82","2,573,089.73","2,745,081.16","2,862,253.23","2,606,558.74","2,547,179.96","2,753,804.59","2,704,324.29","2,305,921.69","2,441,735.78","2,789,953.52","2,982,618.76","2,622,160.22","2,634,937.21","2,771,202.37","3,096,151.13","2,815,055.9","2,964,489.76","3,301,675.19","3,541,901.05","3,059,437.78","3,029,802.17","3,113,152.89","3,398,337.05","3,004,303.29","3,200,743.37","3,217,593.09","3,658,361.7",Revenue
6414 樺漢,-,"178,848","182,181","159,256","148,596","202,551","231,531","359,044","432,068","461,016","504,148","619,318","650,961","784,289","747,684","683,641","658,006","716,081","3,573,299","2,781,195","2,923,614","3,401,751","4,184,194","4,754,351","3,799,935","4,217,088","4,956,106","5,779,516","4,561,158","4,654,284","4,640,012","5,737,729","4,754,070","5,145,432","5,042,999","5,540,452","5,103,745","5,473,434","5,912,747","3,121,026","5,512,690","5,730,108","6,064,955","6,291,172","6,582,934","6,808,742","7,663,303","7,776,851",GrossProfit
6570 維田,-,-,-,-,-,-,-,-,-,"101,313",-,"123,373",-,"108,736",-,"103,188",-,"106,067","52,585","44,130","49,692","50,813","52,694","74,807","71,923","82,340","69,926","76,642","52,264","54,192","52,172","46,621","52,271","72,938","84,317","89,804","73,766","93,921","144,308","112,981","90,250","107,388","87,030","73,441","77,165","85,719","89,167","78,513",GrossProfit
6245 立端,"254,669","279,280","316,686","318,460","290,446","282,170","292,500","413,329","354,460","327,125","420,556","459,975","402,896","413,943","425,414","479,930","381,781","390,220","468,874","559,153","398,274","463,359","549,264","619,771","511,570","504,614","577,844","622,052","463,056","527,352","604,115","611,915","485,348","420,869","522,464","609,327","480,621","669,618","774,840","1,070,406","734,831","720,641","646,181","717,209","570,018","566,957","743,833","774,103",GrossProfit
3416 融程電,"118,656","130,019","144,949","131,470","114,247","132,648","153,159","142,587","136,247","132,838","128,170","183,529","132,760","135,630","119,983","128,298","122,724","113,351","115,939","135,044","130,499","130,172","131,470","161,015","146,175","165,670","154,066","149,204","136,241","142,796","182,182","183,633","200,589","209,538","233,843","194,310","187,285","201,465","280,267","273,047","239,933","264,176","277,842","256,928","283,146","307,583","309,458","322,368",GrossProfit
公司平均數,"186,662.5","196,049","214,605.33","203,062","184,429.67","205,789.67","225,730","304,986.66","307,591.66","255,573","350,958","346,548.75","395,539","360,649.5","431,027","348,764.25","387,503.66","331,429.75","1,052,674.2","879,880.5","875,519.75","1,011,523.75","1,229,405.5","1,402,486","1,132,400.8","1,242,428","1,439,485.5","1,656,853.5","1,303,179.8","1,344,656","1,369,620.2","1,644,974.5","1,373,069.5","1,462,194.2","1,470,905.8","1,608,473.2","1,461,354.2","1,609,609.5","1,778,040.5","1,144,365","1,644,426","1,705,578.2","1,769,002","1,834,687.5","1,878,315.8","1,942,250.2","2,201,440.2","2,237,958.8",GrossProfit
電腦及週邊設備業,"1,095,122.64","1,023,713.16","1,133,905.9","1,119,636.74","1,097,167.56","1,168,426.72","1,246,720.84","1,306,832.76","1,207,988.87","1,098,816.39","1,324,116.86","1,362,015.63","1,212,730.96","1,127,355.03","1,275,962.78","1,301,013.48","1,089,507.05","1,048,980.65","1,223,611.89","1,209,334.76","1,046,695.11","1,078,342.31","1,212,120.56","1,205,873.73","999,660.4","1,145,387.47","1,309,220.99","1,358,711.35","958,751.18","1,406,632.26","1,569,637.54","1,598,242.63","1,511,242.27","1,627,921.19","1,663,831.95","1,842,601.82","1,616,472.1","1,534,879.44","1,719,480.54","1,584,988.62","1,373,974.95","1,505,790.66","1,700,374.28","1,709,130.73","1,557,143.63","1,843,359.05","2,007,140.41","1,997,279.51",GrossProfit
通信網路業,"913,613.37","1,004,342.62","972,236.97","886,206.78","871,444.43","920,121.22","896,843.85","815,486.69","828,271.82","764,362.02","825,041.7","744,244.06","772,679.6","716,913.74","787,783.01","701,780.6","736,952.8","687,340.77","728,368.98","591,904.15","614,773.38","623,848.96","644,303.6","621,156.41","610,868.2","615,329.28","649,993.27","624,347.61","573,429.97","602,413.83","651,560.41","631,262.3","590,901.73","597,973.01","637,174.34","654,832.71","635,227.58","693,977.16","736,185.25","769,741.46","691,473.27","694,570.77","720,063.25","757,957.4","693,736.28","759,061.24","765,417.13","837,511.47",GrossProfit
6414 樺漢,-,"114,897","111,030","98,428","84,121","148,174","156,157","233,691","263,528","288,630","294,573","340,333","409,232","433,248","397,612","318,449","294,465","199,245","625,317","763,086","595,769","361,004","925,559","1,057,819","568,524","715,882","880,707","1,212,234","616,831","874,538","984,020","1,198,636","599,110","924,947","898,933","770,310","729,576","1,135,620","1,212,660","5,208","1,282,615","1,472,037","1,380,072","1,070,782","968,821","1,159,589","1,714,189","1,401,011",OperatingIncome
6570 維田,-,-,-,-,-,-,-,-,-,"11,984",-,"35,659",-,"27,329",-,"25,689",-,"26,149","10,899","3,943","9,113","8,887","11,601","30,490","27,891","30,603","17,041","21,820","10,535","13,371","10,363","7,686","13,317","30,006","39,695","38,398","25,770","34,930","77,257","50,143","36,563","43,642","25,189","9,234","21,068","23,848","25,201","12,733",OperatingIncome
6245 立端,"66,322","66,915","91,391","76,945","70,496","47,663","61,806","96,540","87,320","49,207","113,257","91,634","100,154","74,882","105,806","143,011","104,135","74,235","132,749","186,836","71,335","120,308","153,055","210,866","146,229","128,340","192,033","204,864","107,704","139,895","239,160","172,433","135,310","79,580","144,990","265,059","116,687","259,229","333,860","479,315","335,302","312,314","240,739","272,389","181,375","151,415","289,759","354,950",OperatingIncome
3416 融程電,"50,517","56,466","73,190","56,449","44,138","56,881","77,643","59,148","62,668","60,202","60,058","68,884","61,965","60,734","48,055","41,303","50,184","33,099","37,635","42,293","50,225","39,351","47,368","65,687","65,058","75,101","67,106","64,682","56,739","61,335","88,817","84,336","104,154","107,777","132,692","92,709","91,460","90,627","158,981","154,853","136,307","151,395","153,017","137,257","151,877","155,917","157,743","140,495",OperatingIncome
公司平均數,"58,419.5","79,426","91,870.336","77,274","66,251.664","84,239.336","98,535.336","129,793","137,838.67","102,505.75","155,962.67","134,127.5","190,450.33","149,048.25","183,824.33","132,113","149,594.67","83,182","201,650","249,039.5","181,610.5","132,387.5","284,395.75","341,215.5","201,925.5","237,481.5","289,221.75","375,900","197,952.25","272,284.75","330,590","365,772.75","212,972.75","285,577.5","304,077.5","291,619","240,873.25","380,101.5","445,689.5","172,379.75","447,696.75","494,847","449,754.25","372,415.5","330,785.25","372,692.25","546,723","477,297.25",OperatingIncome
電腦及週邊設備業,"310,100.45","268,002.47","319,679.47","256,916.34","309,033.78","369,605.85","375,217.65","423,511.56","381,341.93","308,166","433,016.11","475,772.92","389,168.5","333,652.3","449,400.43","444,801.09","329,591.34","279,971.5","351,398.72","340,943.6","260,277.71","276,879.98","355,088.55","401,326.84","214,961.46","309,645.59","450,783.62","458,115.21","176,976.97","554,817.87","645,820.61","609,853.29","566,761.76","650,459.44","670,834.25","744,906.5","595,941.38","538,941.34","614,422.38","512,098.94","393,277.08","506,508.33","637,606.29","609,520.43","536,251.92","723,860.67","854,361.01","676,741.34",OperatingIncome
通信網路業,"318,167.19","349,277.39","319,675.59","289,805.05","289,967.84","343,943.08","298,277.95","235,229.11","289,819.47","222,836.2","261,850.23","207,001.34","260,580.42","234,836.38","276,666.47","196,171.58","258,628.88","249,893.89","252,759","119,769.97","169,311.58","202,296.26","221,147.4","191,199.44","197,438.61","210,965.14","230,482.21","206,574.26","191,410.53","221,763.59","258,616","236,949.93","210,597.8","222,207.43","246,954.33","239,280.59","233,550.81","283,877.66","304,829.87","312,344.87","280,778.51","278,503.43","284,403.97","296,876.16","262,881.9","309,543.7","319,101.71","345,984.96",OperatingIncome
6414 樺漢,-,"106,705","92,487","92,392","81,215","121,638","144,548","234,944","208,031","244,159","320,753","302,717","336,540","380,252","346,551","325,384","226,232","345,766","552,631","835,175","458,588","547,881","849,882","1,012,526","472,564","680,424","831,216","1,042,104","531,441","740,190","749,379","1,134,373","543,996","763,151","872,297","1,172,680","764,848","1,092,726","1,415,205","6,934,836","1,175,069","1,563,169","1,548,304","1,116,840","1,347,392","1,219,647","1,705,144","1,859,598",NetProfit
6570 維田,-,-,-,-,-,-,-,-,-,"8,926",-,"32,937",-,"19,430",-,"22,088",-,"14,179","11,552","5,036","6,810","10,007","10,315","26,823","23,356","25,049","12,904","20,400","9,336","17,583","6,588",786,"15,735","23,974","33,629","34,452","24,976","31,273","77,961","37,427","28,025","40,747","33,235","5,777","19,646","9,868","15,951","13,531",NetProfit
6245 立端,"67,636","68,923","72,378","88,491","72,983","31,722","71,193","136,136","63,879","31,738","123,885","109,614","67,132","87,130","110,019","145,866","60,524","63,809","117,156","152,438","56,046","112,294","129,847","178,852","123,918","111,210","155,686","170,103","78,525","215,692","191,760","152,994","112,122","84,471","123,778","233,345","111,243","231,668","338,149","322,148","255,052","290,775","232,660","208,742","208,487","185,028","230,671","266,620",NetProfit
3416 融程電,"53,487","52,805","59,364","56,450","45,386","50,441","74,373","62,938","51,649","45,872","55,017","59,342","48,744","55,416","38,408","41,780","30,230","29,217","31,567","43,478","43,365","47,017","45,021","69,623","57,394","68,972","60,362","54,483","52,515","57,627","76,068","69,852","81,844","96,157","112,095","74,610","86,337","93,223","162,784","110,085","110,206","149,557","158,498","87,691","132,971","133,691","159,147","126,190",NetProfit
公司平均數,"60,561.5","76,144.336","74,743","79,111","66,528","67,933.664","96,704.664","144,672.67","107,853","82,673.75","166,551.67","126,152.5","150,805.33","135,557","164,992.67","133,779.5","105,662","113,242.75","178,226.5","259,031.75","141,202.25","179,299.75","258,766.25","321,956","169,308","221,413.75","265,042","321,772.5","167,954.25","257,773","255,948.75","339,501.25","188,424.25","241,938.25","285,449.75","378,771.75","246,851","362,222.5","498,524.75","1,851,124","392,088","511,062","493,174.25","354,762.5","427,124","387,058.5","527,728.25","566,484.75",NetProfit
電腦及週邊設備業,"326,165.43","284,993.7","136,671.56","289,929.67","250,457","304,381.54","396,163.38","386,472.38","323,777.89","263,721.44","406,812.13","351,233.14","288,112.72","272,085.59","365,873.9","341,204.44","236,586.89","261,694.41","322,948.56","305,736.71","241,034.25","280,416.42","349,068.44","255,164.66","214,535.06","283,002.41","408,610.01","375,476.16","182,142.67","492,359.06","601,092.36","557,046.95","541,743.26","703,477.45","699,496.68","732,097.13","519,473.22","483,604.94","788,875.59","462,795.39","335,718.27","503,289.74","673,528.38","497,593.22","554,579.2","726,069.51","752,003.77","653,522.2",NetProfit
通信網路業,"276,845.19","304,958.35","264,481.3","255,138.16","254,200.07","285,023.42","249,327.89","111,338.07","245,086.33","142,593.09","240,894.61","191,567.5","240,176.35","206,785.64","227,210.01","169,329.76","191,349.59","217,003.37","219,154.2","81,615.58","438,164.56","192,248.73","179,194.21","147,805.87","159,706.96","174,336.54","189,077.34","152,033.76","139,273.1","182,807.16","216,901.19","193,030.27","173,114.47","182,948.36","218,767.9","223,024.54","191,637.93","235,467.75","275,913.76","231,384.57","218,799.72","248,552.86","250,021.33","230,481.23","237,740.55","284,178.08","264,383.93","304,508.64",NetProfit
6414 樺漢,-,1.78,1.53,1.52,1.34,1.83,2.18,3.25,2.53,2.95,3.59,3.5,3.28,3.78,3.5,3.45,2.43,3.75,4.12,4.51,2.72,3.31,4.35,4.07,1.52,2.87,4.26,4.49,2.24,3.62,3.01,3.78,2.06,3.13,3.78,4.93,2.97,4.16,6.15,19.31,4.64,5.14,6.02,3.1,4.67,3.7,5.03,6.64,EPS
6570 維田,-,-,-,-,-,-,-,-,-,0.45,-,1.65,-,0.79,-,0.89,-,0.57,0.47,0.19,0.25,0.37,0.38,0.99,0.86,0.92,0.48,0.75,0.34,0.58,0.22,0.03,0.52,0.8,1.12,1.14,0.83,1.04,2.4,1.01,0.77,1.1,0.9,0.15,0.53,0.27,0.43,0.37,EPS
6245 立端,0.94,0.95,0.9,1.1,0.87,0.37,0.77,1.49,0.67,0.33,1.24,1.1,0.65,0.85,1.02,1.3,0.5,0.51,1.04,1.28,0.42,0.99,1.09,1.45,0.95,0.9,1.22,1.25,0.61,1.58,1.6,1.25,0.9,0.7,1.06,1.99,0.95,1.96,2.86,2.73,2.16,2.45,1.85,1.36,1.43,1.27,1.58,1.82,EPS
3416 融程電,1.18,1.11,1.22,1.15,0.9,0.91,1.33,1.05,0.86,0.76,0.91,0.99,0.81,0.92,0.64,0.69,0.5,0.49,0.52,0.67,0.6,0.65,0.62,0.96,0.8,0.96,0.84,0.75,0.73,0.8,1.05,0.97,1.13,1.33,1.55,1.03,1.19,1.28,2.24,1.51,1.51,1.96,2.05,1.11,1.7,1.7,2.01,1.62,EPS
公司平均數,1.06,1.28,1.217,1.257,1.037,1.037,1.427,1.93,1.353,1.123,1.913,1.81,1.58,1.585,1.72,1.583,1.143,1.33,1.537,1.663,0.998,1.33,1.61,1.868,1.033,1.413,1.7,1.81,0.98,1.645,1.47,1.507,1.153,1.49,1.878,2.272,1.485,2.11,3.413,6.14,2.27,2.663,2.705,1.43,2.083,1.735,2.263,2.613,EPS
電腦及週邊設備業,0.65,0.65,0.57,0.65,0.66,0.64,0.9,0.82,0.6,0.52,0.88,0.78,0.57,0.7,0.72,0.99,0.37,0.7,0.91,0.76,0.57,0.79,0.84,0.66,0.52,0.7,0.96,0.82,0.45,1.13,1.29,1.18,1.07,1.4,1.3,1.59,1.18,1.27,1.75,1.18,0.85,1.16,1.45,0.95,1.22,1.45,1.43,1.43,EPS
通信網路業,0.31,0.5,0.32,0.45,0.34,0.48,0.3,0.57,0.38,0.38,0.7,0.54,0.45,0.54,0.43,0.64,0.11,0.49,0.43,0.45,0.41,0.52,0.27,0.37,0.28,0.39,0.45,0.31,0.01,0.49,0.56,0.52,0.31,0.36,0.48,0.6,0.4,0.63,0.88,0.55,0.38,0.55,0.62,0.38,0.42,0.68,0.54,0.73,EPS
6414 樺漢,-,"604,503","604,503","604,503","665,303","665,303","665,303","686,803","686,803","686,803","688,757","697,287","704,959","711,182","761,527","763,008","763,884","763,980","765,276","765,288","773,652","775,077","775,745","775,745","835,745","835,745","835,745","835,745","835,745","918,664","932,720","932,720","968,120","968,120","968,120","1,018,120","1,066,920","1,060,370","1,060,370","1,060,370","1,087,651","1,241,354","1,282,162","1,319,999","1,370,270","1,370,771","1,373,946","1,375,372",CommonStock
6570 維田,-,-,-,-,-,-,-,-,-,"202,847",-,"225,108",-,"247,847",-,"247,847",-,"247,847","247,847","271,047","271,047","271,047","271,047","271,047","271,047","271,047","271,047","271,047","271,047","300,862","300,862","300,862","300,862","300,862","300,862","300,862","300,862","300,862","351,934","362,898","368,796","369,010","371,191","371,191","371,191","371,191","371,191","371,191",CommonStock
6245 立端,"724,406","811,608","811,608","828,315","830,093","900,310","908,114","908,114","909,355","982,208","982,208","975,008","975,008","975,762","1,011,301","1,036,446","1,046,494","1,046,494","1,046,494","1,046,494","1,061,694","1,082,934","1,082,934","1,089,934","1,089,934","1,180,084","1,180,084","1,180,084","1,181,804","1,181,804","1,180,044","1,180,044","1,180,044","1,180,044","1,170,034","1,170,034","1,180,424","1,180,424","1,180,424","1,180,424","1,185,074","1,256,184","1,256,184","1,453,423","1,453,423","1,461,003","1,462,003","1,462,003",CommonStock
3416 融程電,"463,404","486,132","509,091","510,500","510,500","560,665","610,665","601,815","601,815","601,815","601,815","601,815","601,815","601,815","601,815","601,815","601,815","601,815","601,815","721,815","721,815","721,815","721,815","721,815","721,815","721,815","721,815","721,880","721,880","722,230","723,880","724,660","724,760","724,760","725,060","725,390","726,175","726,175","726,175","732,043","763,022","768,330","782,048","783,219","797,465","797,465","797,465","797,465",CommonStock
公司平均數,"593,905","634,081","641,734","647,772.7","668,632","708,759.3","728,027.3","732,244","732,657.7","618,418.25","757,593.3","624,804.5","760,594","634,151.5","791,547.7","662,279","804,064.3","665,034","665,358","701,161","707,052","712,718.25","712,885.25","714,635.25","729,635.25","752,172.75","752,172.75","752,189","752,619","780,890","784,376.5","784,571.5","793,446.5","793,446.5","791,019","803,601.5","818,595.25","816,957.75","829,725.75","833,933.75","851,135.75","908,719.5","922,896.25","981,958","998,087.25","1,000,107.5","1,001,151.25","1,001,507.75",CommonStock
電腦及週邊設備業,"4,227,477.12","4,010,573.24","4,216,019.17","4,023,763.69","4,179,709.68","4,027,712.45","4,187,183.33","4,015,779.7","4,251,942.63","4,044,652.26","4,275,624.38","3,928,292.13","4,264,525.45","3,969,087.17","4,138,260.3","3,897,290.04","4,109,710.49","3,953,106.2","4,003,317.63","3,833,865.27","3,975,101.71","3,874,182.66","3,957,279.77","3,840,803.31","3,875,513.03","3,857,331.57","3,875,567.57","3,842,588.07","3,876,879.85","3,867,021.3","3,894,073.57","3,796,929.42","3,904,695.55","3,871,476.87","3,859,300.79","3,730,899","3,865,529.45","3,776,547.73","3,875,192.92","3,756,374.38","3,828,451.16","3,778,505.65","3,784,799.93","3,786,422.12","3,787,523.9","3,794,171.29","3,793,028.3","3,798,596.05",CommonStock
通信網路業,"4,096,601.74","3,772,880.03","3,969,450.03","3,664,281.25","3,935,913.42","3,561,218.11","3,951,757.57","3,532,217.33","3,775,637.57","3,449,874.31","3,742,304.63","3,393,984.16","3,745,152.15","3,426,011.5","3,711,764.48","3,368,482.57","3,721,566.95","3,383,080.6","3,654,825.41","3,389,859.84","3,643,356.17","3,418,108.03","3,541,358.26","3,351,989.12","3,552,104.14","3,393,533.63","3,513,233.7","3,299,618.21","3,417,941.09","3,301,056.26","3,392,925.98","3,273,636.77","3,342,879.44","3,289,993.53","3,401,308.31","3,323,611.17","3,413,233.52","3,361,817.33","3,357,226.89","3,299,497.28","3,334,873.82","3,313,277.82","3,347,800.96","2,963,891.64","2,973,659.65","2,977,110.88","2,973,674.86","2,977,104.6",CommonStock
6414 樺漢,-,"997,738","1,089,922","1,185,850","2,045,189","1,833,366","1,981,341","2,414,909","2,588,386","2,390,344","2,687,197","3,167,201","3,570,963","3,466,349","5,593,437","5,965,057","5,818,981","5,467,790","5,900,852","6,792,320","6,959,417","6,994,787","7,313,833","6,623,300","8,429,824","8,092,545","8,135,722","8,220,524","8,324,905","8,177,982","8,883,534","9,250,125","9,409,207","9,010,966","9,270,415","10,804,458","12,506,873","12,424,883","13,585,001","15,534,234","14,978,943","19,295,919","21,451,156","21,900,702","22,576,529","22,976,873","23,468,915","24,270,685",Equity
6570 維田,-,-,-,-,-,-,-,-,-,"247,301",-,"302,710",-,"354,074",-,"373,735",-,"349,086","361,466","430,952","438,157","421,968","430,124","457,595","482,132","457,521","469,171","486,357","495,075","472,525","480,717","483,434","498,658","521,394","524,397","559,764","590,059","539,407","796,566","867,909","772,962","810,642","860,898","857,400","790,046","801,636","815,675","826,393",Equity
6245 立端,"1,336,415","1,393,564","1,461,690","1,627,917","1,790,233","1,753,465","1,838,669","1,997,810","2,053,663","2,044,744","2,171,031","2,251,146","2,324,121","2,202,624","2,404,916","2,624,455","2,662,445","2,417,835","2,536,611","2,669,473","2,769,107","2,662,411","2,757,462","2,938,489","3,059,895","2,944,403","3,057,911","3,178,815","3,232,586","3,069,198","3,268,912","3,432,916","3,557,821","3,197,874","3,285,841","3,523,649","3,730,716","3,611,035","3,991,836","4,282,045","4,550,030","4,360,031","4,643,706","5,688,427","5,941,876","5,544,316","5,848,927","6,133,260",Equity
3416 融程電,"1,158,448","1,096,681","1,266,893","1,333,570","1,384,150","1,281,659","1,604,448","1,668,929","1,721,417","1,528,346","1,583,884","1,643,780","1,695,021","1,544,918","1,584,986","1,621,319","1,648,585","1,496,523","1,526,709","2,106,313","2,118,895","1,989,812","2,027,839","2,096,651","2,155,067","2,047,637","2,107,766","2,159,150","2,196,436","2,047,544","2,132,655","2,202,109","2,298,237","2,108,856","2,205,811","2,287,487","2,391,627","2,192,578","2,364,417","2,539,295","2,529,831","2,732,740","2,997,970","3,066,024","2,934,985","3,081,018","3,228,814","3,352,717",Equity
公司平均數,"1,247,431.5","1,162,661","1,272,835","1,382,445.6","1,739,857.4","1,622,830","1,808,152.6","2,027,216","2,121,155.2","1,552,683.8","2,147,370.8","1,841,209.2","2,530,035","1,891,991.2","3,194,446.2","2,646,141.5","3,376,670.2","2,432,808.5","2,581,409.5","2,999,764.5","3,071,394","3,017,244.5","3,132,314.5","3,029,008.8","3,531,729.5","3,385,526.5","3,442,642.5","3,511,211.5","3,562,250.5","3,441,812.2","3,691,454.5","3,842,146","3,940,980.8","3,709,772.5","3,821,616","4,293,839.5","4,804,819","4,691,976","5,184,455","5,805,871","5,707,942","6,799,833","7,488,432.5","7,878,138","8,060,859","8,100,960.5","8,340,583.5","8,645,763",Equity
電腦及週邊設備業,"11,719,279.77","10,713,711.23","11,369,999.67","11,122,757.11","12,364,702.78","11,272,581.51","12,276,744.69","12,542,820.85","13,543,929.83","11,988,934.92","13,326,072.87","12,419,138.93","13,706,999.94","11,978,147.82","12,810,012.03","12,341,418.8","12,939,346.33","11,781,945.9","12,297,536.61","11,998,030.74","12,733,599.86","11,872,267.67","12,456,246.43","12,270,864.44","12,847,655.37","12,112,828.95","12,499,244.63","12,677,709.16","12,377,358.92","12,219,725.88","12,935,144.44","13,024,235.29","13,534,433.31","13,206,079.9","13,624,459.29","14,030,321.59","14,653,235.99","13,815,332.61","15,246,509.21","14,937,092.38","14,773,716.48","14,833,619.02","15,803,579.97","15,974,881.94","16,078,886.29","16,572,993.73","17,468,157.83","18,365,475.35",Equity
通信網路業,"11,425,889.86","9,688,662.29","10,433,765.53","9,863,846.3","10,904,957.43","9,152,175.93","10,473,041.31","9,510,122.81","10,433,232.01","8,682,796.4","9,757,727.69","8,889,411.46","10,123,678.26","8,427,402.31","9,460,182.37","8,658,946.02","9,776,461.95","8,141,769.38","9,121,256.66","8,461,634.88","9,871,859.83","8,608,891.12","9,203,849.09","8,780,598.57","9,567,944.94","8,443,159.19","8,962,979.53","8,771,333.66","9,138,908.03","8,258,061.39","8,814,083.67","8,693,123.92","9,016,096.48","8,321,630.47","8,665,615.38","8,704,370.25","9,122,276.4","8,400,901.14","8,781,692.12","8,874,516.67","9,134,663.13","8,548,376.67","8,941,684.01","9,538,778.79","9,809,670.03","9,288,758.83","9,549,595.57","9,925,771.23",Equity
6414 樺漢,-,18.5,18.03,19.62,30.74,27.56,29.78,35.16,37.69,34.8,39.02,45.42,50.65,48.74,73.45,78.18,76.51,71.88,77.77,89.52,90.72,91.02,95.1,86.12,101.68,97.61,98.13,99.15,100.41,98.64,95.92,99.88,97.85,93.71,96.41,106.81,117.95,117.17,128.12,146.5,137.72,155.44,167.3,165.91,164.76,167.62,170.81,176.47,NAV
6570 維田,-,-,-,-,-,-,-,-,-,12.19,-,13.45,-,14.29,-,15.08,-,14.08,14.58,15.9,16.17,15.57,15.87,16.88,17.79,16.88,17.31,17.94,18.27,17.43,15.98,16.07,16.57,17.33,17.43,18.61,19.61,17.93,22.63,23.92,20.96,21.97,23.19,23.1,21.28,21.6,21.97,22.26,NAV
6245 立端,18.92,19.61,18.42,20.09,21.57,21.09,20.25,22,22.58,22.12,22.23,23.09,23.84,22.57,23.78,25.32,25.44,23.1,24.24,25.51,26.08,25.08,25.46,26.96,28.07,26.95,25.91,26.94,27.4,26.02,27.7,29.09,30.15,27.21,28.08,30.12,31.6,30.59,33.82,36.28,38.39,36.79,36.97,39.14,40.88,37.95,40.01,41.95,NAV
3416 融程電,25.49,24.13,25.33,26.58,27.59,25.55,26.66,27.73,28.6,25.4,26.32,27.31,28.17,25.67,26.34,26.94,27.39,24.87,25.37,29.18,29.36,27.57,28.09,29.05,29.86,28.37,29.2,29.91,30.43,28.35,29.46,30.39,31.71,29.1,30.42,31.53,32.93,30.19,32.56,34.97,34.56,35.81,39.02,39.21,37.47,38.64,40.49,42.04,NAV
公司平均數,22.205,20.747,20.593,22.097,26.633,24.733,25.563,28.297,29.623,23.628,29.19,27.318,34.22,27.818,41.19,36.38,43.113,33.483,35.49,40.027,40.583,39.81,41.13,39.753,44.35,42.453,42.637,43.485,44.128,42.61,42.265,43.858,44.07,41.838,43.085,46.767,50.523,48.97,54.283,60.418,57.907,62.503,66.62,66.84,66.098,66.453,68.32,70.68,NAV
電腦及週邊設備業,23.26,21.88,22.66,23.24,25.17,23.42,24.79,25.76,26.79,24.44,26.04,25.95,27.17,25,26.06,26.67,26.86,25.25,26.84,27.38,28.5,27.35,28.31,28.38,29.78,28.09,28.9,29.38,29.15,28.48,30.03,30.72,31.82,31.33,31.96,33.48,34.69,33.25,35.87,36.23,36.15,35.71,37.68,38.19,38.91,39.31,41.9,43.69,NAV
通信網路業,19.43,18.48,18.79,19.24,20.18,18.86,19.61,20.03,20.73,19.21,20.63,20.7,21.65,19.8,20.47,20.4,20.83,19.33,20.16,20.18,21.06,20.22,20.6,20.48,21.39,20.02,20.86,21.03,20.85,20.08,21.06,21.58,21.9,21.5,21.45,22.4,22.59,21.9,23.11,24.12,24.11,23.77,24.84,25.56,25.86,25.8,26.42,27.4,NAV
6414 樺漢,-,"275,708",-73325,"202,978",-137106,-124947,"28,049","238,883","490,096","310,633","331,204","205,915","210,630","214,976",-341488,"585,210","596,630",-470033,-73656,"3,098,112",-710028,-129247,"466,330","3,902,944","137,691",-1850768,"2,535,320","4,419,402",-49543,"186,792","977,525","4,201,811",-946361,-583254,-1231247,"4,354,394",-3505577,"2,324,661",-4089094,"4,530,532","2,644,005",-1682392,-814236,"7,227,159",-483863,"3,780,210","1,816,878","8,988,533",OperatingCashflow
6570 維田,-,-,-,-,-,-,-,-,-,"3,742",-,"48,116",-,"22,067",-,"47,148",-,-9006,-3271,"19,093","9,917","10,859","26,372","25,814","29,076","17,672",-3286,"25,870","28,693","20,085","10,736","2,748",-2716,"13,824","30,478","24,815","7,963","6,922","57,880","143,351",-6964,"73,093","49,931","42,964",-3981,"73,867","35,567","35,862",OperatingCashflow
6245 立端,"67,377","31,014",-53200,-47193,"271,797",-41507,-12433,"255,751","102,820","100,088","130,423",-13416,"120,210","74,802","235,585","313,273",-151292,-126561,"252,689","375,956",-169677,"75,998","346,620","328,444","24,219","66,482","136,274","423,351","81,062",-344587,"644,653","89,117",-240704,-7782,-241577,"801,899",-455640,"16,019","662,599","1,235,217","626,958","398,112","758,584","471,252","210,838","16,565","2,347","273,549",OperatingCashflow
3416 融程電,"110,523","55,734","30,655","78,403",-24662,"40,205",-37882,"80,285","92,870","25,599","136,544","18,407","157,776",-53973,"197,224","165,525",-70833,"58,159","31,159","139,566",-65821,"80,230","65,168","14,359","126,338","79,777","142,732",-83107,"85,284","11,940","131,798","119,028",-54243,"59,695","119,832","245,028",-239075,"157,319","196,305","214,386","74,091","129,873","253,404","187,313","47,215","97,557","321,374","198,695",OperatingCashflow
公司平均數,"88,950","120,818.664",-95870,"78,062.664","36,676.332",-126249,-22266,"191,639.67","228,595.33","110,015.5","199,390.33","64,755.5","162,872","64,468","30,440.334","277,789","124,835",-547441,"51,730.25","908,181.75",-935609,"9,460","226,122.5","1,067,890.2","79,331",-1686837,"702,760","1,196,379","36,374",-125770,"441,178","1,103,176",-1244024,-517517,-1322514,"1,356,534",-4192329,"626,230.25",-3172310,"1,530,871.5","834,522.5",-1081314,"61,920.75","1,982,172",-229791,"992,049.75","544,041.5","2,374,159.8",OperatingCashflow
電腦及週邊設備業,"260,024.02","783,334.43","461,593.09","693,511.54","676,232.74","187,918.02","245,330.33","665,881.82","29,200.07","183,412.32","190,335.64","944,670.88","1,196,339.99","75,350.52","857,541.78","1,086,808.58","3,229.11",-118629.51,"61,709.17","507,508.19","91,429.62",-463920.48,"160,937.04","418,822.05","317,354.38","545,454.44","623,354.73","1,471,524.44","408,375.52",-648126.57,"1,197,893.83","1,079,752.25",-127209.05,-369390.64,"888,616.98","241,300.75",-696766.43,-300696.05,"2,067,422.27","1,792,802.38","1,196,696.75","672,056.7","1,268,705.97","1,770,250.18","356,081.05",-329383.62,"59,587.42","1,013,729",OperatingCashflow
通信網路業,"211,156.07","319,472.58","559,692.75","769,964.73","170,252.81","475,722.35","524,366.99","634,286.35","283,904.73","366,410.51","484,047.29","483,973.88","345,829.99","345,042.62","380,737.44","666,970.12","295,235.49","259,618.67","385,338.3","487,976.48","269,507.05","313,706.86","433,168.92","363,604.77","381,569.59","335,149.32","569,979.87","563,788.5","333,211.31","221,863.98","457,786.48","643,012.86","238,917.02","325,673.52","425,941.6","470,147.92","237,058.62","310,055.1","568,635.46","714,770.65","367,611.08","520,378.14","654,902.65","569,323.48","566,195.28","394,223.26","543,429.33","709,281.67",OperatingCashflow
6414 樺漢,-,-144106,"25,535",-152493,"189,698",-197604,"77,950","82,200",-368551,-151690,-139785,"35,859",-1872578,"214,191",-347388,-2517683,-6502239,"4,214,572","929,726",-1011233,-183613,-3732317,-1671587,-990077,"338,947","164,804",-1081139,-1065752,-379721,-620197,-458838,-4493237,"1,589,352",-1894480,-570637,-238196,"7,446",-581429,-962411,"6,115,256",-841322,-991018,-1044004,-1982493,-2955945,-1750111,-1213100,-1143707,InvestingCashflow
6570 維田,-,-,-,-,-,-,-,-,-,"9,483",-,-20769,-,-17012,-,-2939,-,-4906,-4570,-185473,-20480,-97,117,-1706,-364,-886,-2077,-1972,-2971,-37148,-17957,-298631,-10805,-2014,"3,253","1,825","28,132",-758,-11824,-12523,-2789,-22757,-29282,-10752,-15364,-41135,-171318,-7382,InvestingCashflow
6245 立端,-15399,-81137,-222809,-28607,-27660,-10859,-17280,-29480,-66549,-44409,-39197,-19675,-36188,"56,860",-184999,-1618,-41102,"3,374",-23496,-24979,-5977,-15279,-42979,-297104,-15111,-25915,-17014,-50736,-20680,"142,260",-2505,"44,768",-17359,-32462,-15977,-268394,"71,335","27,392",-33463,"5,721","41,890",-10434,-28024,-1140169,-1014347,"374,678","764,034",-262221,InvestingCashflow
3416 融程電,"6,495",-7602,-7043,-7634,-7218,-7796,-9234,-9120,-9570,-9113,-21606,-12708,-7950,-7375,-9039,-26710,-4863,-6705,-7912,-17048,"23,434",-137269,-80209,-64000,-167738,-66499,-179621,"9,226",-58822,"21,734",-40418,-72069,-31466,-300655,-27186,-90178,-41108,"50,378",-22510,-40067,-74063,"149,999",-37931,-113803,-405382,-31371,-286275,"6,857",InvestingCashflow
公司平均數,-8904,-232845,-204317,-188734,"51,606.668",-216259,"17,145.334","14,533.333",-444670,-195729,-200588,-17293,-1916716,"61,666",-541426,-2548950,-6548204,"1,051,583.8","223,437",-1238733,-186636,-3884962,-1794658,-1352887,"38,933.5","17,876",-1279851,-1109234,-462194,-493351,-519718,-4819169,"382,430.5",-2229611,-610547,-594943,"16,451.25",-504417,-1030208,"1,517,096.8",-876284,-874210,-1139241,-3247217,-4391038,-1447939,-906659,-1406453,InvestingCashflow
電腦及週邊設備業,-314184.84,-234457.38,"29,307",-185803.02,-199502.44,-298699.19,"1,630.01",-373816.2,-87582.66,-192076.33,-245185.87,-220490.04,-226332.09,-199789.8,-177586.48,-228548.55,-381948.73,-159183.04,-400547.17,-247038.57,-161993.2,-200787.5,-20553.56,-278900.11,-137443.2,-236670.36,"6,480.94",-236534.16,-138224.23,-267207.19,-456062.24,-222603.9,-347797.98,-459655.41,-56070.07,-81400.89,-390532.5,-324610.88,"40,572.54",-128436.76,-725918.37,-239478.15,-60729.3,-418255.33,-200082.2,-441984.94,-405192.2,-494920.08,InvestingCashflow
通信網路業,-179409.39,-50584.81,-70270.6,-1432803.77,-194828.3,-227723.51,-188804.93,-273178.67,-285860.77,-259827.63,-86530.2,-341003.39,-176225.42,-145118.78,-146249.78,-269784.49,-116343.8,-174325.42,-179400.24,-430237.75,"239,563.94",-247156.49,-197347.49,-132643.43,-27338.91,-229505.61,-10981.66,-234154.71,-1475833.64,-182341.5,-110164.47,-282605.61,-141276.63,-311034.67,-146962.94,-242948.34,-274518.42,-131074.79,-72793.23,-322438.25,-374091.01,-173951.49,-152852.28,-385587.35,-313876.76,-130626.64,"26,358.6",-385959.18,InvestingCashflow
6414 樺漢,-,-11071,-87767,-10258,"769,453",-332651,0,-151710,"361,000",-88386,0,"200,000","1,306,787","25,745","1,200,074","1,916,029","5,740,922",-840619,-413083,"2,374,172","2,598,825","2,033,640","202,021","713,539",-146666,"5,568,694",-2558717,-504255,"160,215","132,330",-354403,-2065267,"972,233",-324848,"203,535","1,169,948","678,447",-2783160,"4,972,437","168,886",-754737,-1799484,-359290,-1516923,"3,819,913",-4257796,-2966260,-399397,FinancingCashflow
6570 維田,-,-,-,-,-,-,-,-,-,-31472,-,"22,261",-,"78,489",-,-49621,-,-76,-37215,"194,943",-1457,-1463,-28570,-1472,-24910,-4440,-53856,-6306,-6512,-6388,-19462,"275,133",-6802,-33358,-38412,-10838,-8437,"145,774",-118838,-6727,-6912,-6951,-117392,-7733,-42457,-103381,"167,278",-8064,FinancingCashflow
6245 立端,2,"10,752","152,465","89,102",-109200,-101821,-5340,-38014,-51253,"14,886",-155755,-6069,"89,471",-70722,-184459,-25305,"16,547",-14328,-205084,-19174,-79500,"24,443",-197094,"219,521",-282196,"43,324",-175272,"108,613",-133506,"119,791",-340294,"1,001,954",-178198,-330674,-328990,-1899,"23,225",-9307,-400464,-56924,"1,766",-12529,-12104,-584464,-12556,"9,165",-629638,-7179,FinancingCashflow
3416 融程電,-17,-6277,-112566,"7,148",0,0,"99,505",300,-,-196,-241026,300,-,0,-210635,0,-,-,-180544,"540,000",-,-,-180587,0,-278,-593,-188636,-767,-1168,"5,329",-209911,"2,333","497,456","1,809",-289601,456,"2,454",-780,-327211,-776,-595,-1075,-367452,-1536,"471,450",-2419,-409489,190,FinancingCashflow
公司平均數,-15,-6596,-47868,"28,664","220,084.33",-434472,"31,388.334",-189424,"154,873.5",-105168,-396781,"54,123","698,129","8,378","268,326.66","460,275.75","2,878,734.5",-855023,-835926,"772,485.25","839,289.3","685,540",-204230,"232,897",-454050,"1,401,746.2",-2976481,-402715,"4,757.25","62,765.5",-924070,-785847,"321,172.25",-687071,-453468,"289,416.75","173,922.25",-2647473,"1,031,481","26,114.75",-760478,-1820039,-856238,-2110656,"1,059,087.5",-4354431,-3838109,-414450,FinancingCashflow
電腦及週邊設備業,"78,755.13",-393114.21,-235781.13,-134697.26,-157310.65,-94939.07,-1047369.1,"741,157.58",-19256.31,-358910.37,-1316144.56,-228721.13,"87,360.69","61,693.16",-532185.15,-684091.77,"932,202","174,087.26",-139761.58,-41014.18,"903,719.11","190,126.28",-807089.11,-275577.12,"218,998.17","52,439.24",-1614025.12,-235174.31,-126272.92,"651,803.87",-559722.24,"302,549.37","178,762.6","52,229.36",-484543.03,"209,008.77","80,182.99","748,700.49",-1825840.08,-540386.47,-617636.56,-1331382.28,-912396.39,-460445.95,-214109.86,-59561.06,"547,526.03","370,177.26",FinancingCashflow
通信網路業,"32,139.56","236,940.78",-1039906.04,"371,010.83","22,981.96","43,662.49",-588580.73,-139087.61,"152,565.6","7,607.37",-703690.89,-131222.77,-74927.24,-75089.4,-829029.37,-200818.48,-106585.43,"8,326.31",-839328.3,"23,763.78",-141844.73,312.14,-788690.46,-70320.99,-192336.57,-18493.52,-743141.58,"22,950.96","918,640.88",-36105.99,-503307.31,-108617.37,-72803.26,"52,467",-593818.97,-34363.2,"20,800.7",-9775.4,-693785.08,-111554.2,-159355.1,-231942.14,-740339.37,-21356.28,-128938.45,-134389.04,-799247.05,-142431.46,FinancingCashflow
6414 樺漢,-,42.93,37.03,34.41,22.32,26.06,28.99,31.54,34.15,43.20,43.19,42.76,46.13,54.41,40.95,49.18,61.26,66.53,65.30,62.81,62.21,65.01,65.20,65.60,62.00,67.31,67.83,68.63,66.80,67.84,67.44,67.26,67.56,68.31,69.30,68.82,66.77,67.44,68.41,64.16,63.76,60.83,59.67,60.82,63.17,64.89,63.09,63.09,DebtRatio
6570 維田,-,-,-,-,-,-,-,-,-,31.01,-,25.95,-,30.32,-,19.15,-,30.07,20.51,34.03,33.98,38.07,35.34,35.45,34.52,39.98,37.76,33.47,33.77,38.61,37.36,53.57,53.61,51.95,52.47,50.27,49.90,59.59,42.60,36.52,43.12,41.48,32.18,31.05,38.34,41.16,40.75,39.75,DebtRatio
6245 立端,49.08,51.24,54.63,49.48,44.62,44.10,45.61,45.53,42.57,46.09,45.69,46.28,43.51,49.27,41.54,43.37,36.85,44.95,44.14,43.70,37.13,46.84,46.67,46.43,38.97,44.02,41.35,42.95,40.53,43.04,43.69,50.68,47.30,55.76,53.06,55.24,49.14,54.44,51.88,52.70,48.02,51.02,50.85,37.75,35.39,40.03,32.20,31.88,DebtRatio
3416 融程電,24.53,31.87,16.83,16.39,15.57,24.88,13.00,14.52,13.48,24.51,13.22,13.83,12.05,22.92,13.55,15.94,13.53,23.25,14.68,14.82,11.92,22.68,14.87,16.20,16.01,24.35,20.05,13.12,13.80,23.76,18.52,20.36,30.05,38.59,32.39,35.20,31.15,39.42,32.81,32.56,31.81,29.55,20.32,20.99,36.37,35.18,26.21,28.92,DebtRatio
公司平均數,36.80,42.01,36.16,33.43,27.50,31.68,29.20,30.53,30.07,36.20,34.03,32.20,33.90,39.23,32.01,31.91,37.21,41.20,36.16,38.84,36.31,43.15,40.52,40.92,37.88,43.91,41.75,39.54,38.73,43.31,41.75,47.97,49.63,53.65,51.80,52.38,49.24,55.22,48.92,46.48,46.68,45.72,40.75,37.65,43.32,45.32,40.56,40.91,DebtRatio
電腦及週邊設備業,62.25,63.45,64.19,64.26,61.05,63.74,63.48,63.04,59.87,61.99,62.52,59.95,57.25,60.36,61.72,61.10,59.49,63.21,64.59,63.05,61.16,64.61,65.71,64.21,61.82,64.48,64.19,62.61,62.26,65.40,64.99,65.25,64.15,65.69,66.33,66.31,66.36,67.40,65.57,63.11,62.92,61.74,61.50,59.48,60.49,61.29,61.55,61.32,DebtRatio
通信網路業,33.90,40.80,35.81,36.68,35.05,41.06,37.38,36.54,35.69,41.11,37.52,36.79,34.93,40.62,36.98,36.36,33.70,39.92,35.57,36.12,32.39,38.66,35.56,34.80,34.44,39.86,37.28,35.59,38.63,43.36,41.97,41.81,40.75,45.39,43.89,43.22,42.87,47.28,45.63,45.00,43.14,46.13,44.00,42.76,42.16,45.86,42.67,42.36,DebtRatio
6414 樺漢,-,3361.81,3840.85,4596.90,9249.73,7686.59,7863.12,7179.28,702.51,715.45,773.38,834.29,888.35,783.32,952.97,952.24,1543.33,1177.40,1216.75,1374.88,1322.82,632.82,626.59,634.86,954.21,1022.65,989.30,966.76,976.23,935.81,864.41,757.21,685.70,658.73,681.42,795.93,826.25,839.01,837.12,991.54,826.81,849.32,931.84,913.53,788.15,742.19,721.96,702.19,LongTermLiabilitiesRatio
6570 維田,-,-,-,-,-,-,-,-,-,4955.54,-,1375.84,-,1657.42,-,1942.36,-,2183.31,2542.24,280.95,286.42,281.05,286.61,301.33,309.13,294.61,308.73,317.93,319.79,307.41,317.79,162.30,156.03,160.88,160.57,165.94,172.48,191.55,201.89,202.85,182.64,188.31,198.37,197.02,186.36,135.12,159.74,160.01,LongTermLiabilitiesRatio
6245 立端,211.30,217.91,174.45,197.47,202.99,199.27,207.58,198.74,205.98,203.97,213.49,213.95,225.41,215.19,236.89,262.90,270.32,255.10,269.18,288.44,305.18,298.32,306.12,320.48,341.19,263.89,275.59,285.35,289.77,277.55,300.48,389.31,400.48,357.95,366.89,392.85,408.32,404.50,429.88,363.59,390.73,393.13,413.06,502.53,527.85,488.97,517.33,534.31,LongTermLiabilitiesRatio
3416 融程電,252.13,238.04,274.89,290.67,304.32,281.08,354.10,368.99,381.35,308.11,321.47,331.63,343.69,316.21,323.96,317.62,326.44,299.72,307.92,425.79,433.60,410.64,404.61,424.08,435.32,418.92,430.97,446.17,231.81,215.34,224.65,231.91,293.38,275.42,286.33,293.78,254.34,233.32,250.19,268.55,268.28,290.74,320.62,326.17,360.02,246.96,245.51,229.91,LongTermLiabilitiesRatio
公司平均數,231.72,1272.59,1430.06,1695.01,3252.35,2722.31,2808.27,2582.34,429.95,1545.77,436.11,688.93,485.82,743.03,504.61,868.78,713.36,978.88,1084.02,592.51,587.00,405.71,405.98,420.19,509.96,500.02,501.15,504.05,454.40,434.03,426.83,385.18,383.90,363.25,373.80,412.13,415.35,417.10,429.77,456.63,417.12,430.38,465.97,484.81,465.60,403.31,411.13,406.61,LongTermLiabilitiesRatio
電腦及週邊設備業,329.32,318.81,333.87,345.85,361.62,352.11,363.44,369.27,380.37,363.65,369.50,386.85,382.45,368.30,382.64,386.24,397.04,372.62,372.25,377.03,383.52,366.61,367.31,371.06,384.75,377.31,385.31,395.41,385.40,386.91,387.68,429.24,444.49,433.21,439.59,456.07,442.39,424.03,436.34,439.57,422.09,429.76,451.18,467.01,455.25,456.45,490.42,494.34,LongTermLiabilitiesRatio
通信網路業,176.27,166.79,171.13,176.74,184.18,176.48,180.87,184.91,190.24,180.37,185.17,192.71,198.66,188.47,193.59,195.46,198.33,186.31,191.06,191.82,207.38,198.82,201.78,203.09,216.91,205.54,210.26,219.31,229.90,224.72,226.48,231.10,229.83,220.17,224.62,230.22,234.63,224.55,229.67,232.13,234.64,226.54,232.05,239.78,242.32,229.61,237.27,241.18,LongTermLiabilitiesRatio
6414 樺漢,-,1.41,1.47,1.24,1.32,1.49,1.47,1.39,1.29,1.44,1.37,1.41,1.27,1.3,1.14,1.06,1.05,0.76,1.4,1.51,1.11,1.34,1.41,1.49,1.18,1.29,1.3,1.47,1.21,1.42,1.45,1.75,1.35,1.53,1.54,1.83,1.41,1.54,1.7,1.33,1.76,1.93,1.84,1.82,1.64,1.78,1.73,1.77,AccountsReceivableTurnover
6570 維田,-,-,-,-,-,-,-,-,-,5.46,-,5.76,-,5.4,-,5.55,-,5.08,2.19,2.07,2.34,2.15,2.05,2.66,2.25,2.39,1.81,2.14,1.94,2.15,2.32,2.09,1.69,2.02,2.07,2.08,1.79,2.02,2.27,2,2.25,2.49,1.98,2.25,2.13,2.12,2.28,2.33,AccountsReceivableTurnover
6245 立端,1.65,1.68,1.63,1.55,1.39,1.55,1.39,1.49,1.36,1.59,1.59,1.67,1.4,1.67,1.51,1.67,1.41,1.6,1.57,1.73,1.59,1.83,1.57,1.72,1.49,1.41,1.55,1.72,1.52,1.86,1.98,1.94,1.78,1.72,1.8,1.77,1.61,1.94,1.74,1.85,1.45,1.77,1.4,1.82,1.58,1.65,1.88,1.63,AccountsReceivableTurnover
3416 融程電,2.08,2.08,2.3,2.06,1.89,2.08,2.01,1.93,1.96,2.01,1.83,3.01,2.64,2.32,2.07,2.82,2.54,2.26,2.58,2.71,2.29,1.92,1.79,2.24,1.93,2.02,1.73,2.01,1.99,2.27,2.98,2.59,2.06,1.82,2.08,1.99,1.59,1.56,1.93,1.57,1.56,1.78,1.55,1.41,1.59,1.59,2,2.07,AccountsReceivableTurnover
公司平均數,1.865,1.723,1.8,1.617,1.533,1.707,1.623,1.603,1.537,2.625,1.597,2.963,1.77,2.673,1.573,2.775,1.667,2.425,1.935,2.005,1.833,1.81,1.705,2.028,1.713,1.778,1.598,1.835,1.665,1.925,2.183,2.093,1.72,1.773,1.873,1.918,1.6,1.765,1.91,1.688,1.755,1.993,1.693,1.825,1.735,1.785,1.973,1.95,AccountsReceivableTurnover
電腦及週邊設備業,1.52,1.53,1.39,1.39,1.43,1.55,1.58,1.67,1.44,1.54,1.61,1.72,1.54,1.68,1.72,1.75,1.55,1.73,1.71,1.75,1.52,1.58,1.59,1.65,1.37,1.52,1.5,1.59,1.27,1.67,1.54,1.66,1.35,1.45,1.51,1.61,1.32,1.36,1.51,1.48,1.39,1.38,1.36,1.41,1.39,1.41,1.41,1.34,AccountsReceivableTurnover
通信網路業,1.67,1.8,1.6,1.75,1.67,1.9,1.66,1.79,1.6,1.62,1.56,1.74,1.62,1.71,1.64,1.64,1.58,1.76,1.69,1.76,1.6,1.74,1.66,1.73,1.57,1.66,1.65,1.7,1.63,1.78,1.75,1.86,1.69,1.8,1.8,1.94,1.74,1.82,1.8,1.81,1.69,1.81,1.79,1.9,1.73,1.83,1.79,1.95,AccountsReceivableTurnover
6414 樺漢,-,63.83,61.22,72.58,68.18,60.4,61.22,64.75,69.77,62.5,65.69,63.83,70.87,69.23,78.95,84.91,85.71,118.42,64.29,59.6,81.08,67.16,63.83,60.4,76.27,69.77,69.23,61.22,74.38,63.38,62.07,51.43,66.67,58.82,58.44,49.18,63.83,58.44,52.94,67.67,51.14,46.63,48.91,49.45,54.88,50.56,52.02,50.85,AccountsReceivableTurnoverDay
6570 維田,-,-,-,-,-,-,-,-,-,32.97,-,31.25,-,33.33,-,32.43,-,35.43,41.1,43.48,38.46,41.86,43.9,33.83,40,37.66,49.72,42.06,46.39,41.86,38.79,43.06,53.25,44.55,43.48,43.27,50.28,44.55,39.65,45,40,36.14,45.45,40,42.25,42.45,39.47,38.63,AccountsReceivableTurnoverDay
6245 立端,54.55,53.57,55.21,58.06,64.75,58.06,64.75,60.4,66.18,56.6,56.6,53.89,64.29,53.89,59.6,53.89,63.83,56.25,57.32,52.02,56.6,49.18,57.32,52.33,60.4,63.83,58.06,52.33,59.21,48.39,45.45,46.39,50.56,52.33,50,50.85,55.9,46.39,51.72,48.65,62.07,50.85,64.29,49.45,56.96,54.55,47.87,55.21,AccountsReceivableTurnoverDay
3416 融程電,43.27,43.27,39.13,43.69,47.62,43.27,44.78,46.63,45.92,44.78,49.18,29.9,34.09,38.79,43.48,31.91,35.43,39.82,34.88,33.21,39.3,46.88,50.28,40.18,46.63,44.55,52.02,44.78,45.23,39.65,30.2,34.75,43.69,49.45,43.27,45.23,56.6,57.69,46.63,57.32,57.69,50.56,58.06,63.83,56.6,56.6,45,43.48,AccountsReceivableTurnoverDay
公司平均數,48.91,53.557,51.853,58.11,60.183,53.91,56.917,57.26,60.623,49.213,57.157,44.718,56.417,48.81,60.677,50.785,61.657,62.48,49.398,47.078,53.86,51.27,53.833,46.685,55.825,53.953,57.258,50.098,56.302,48.32,44.128,43.908,53.543,51.288,48.798,47.132,56.653,51.768,47.735,54.66,52.725,46.045,54.177,50.683,52.673,51.04,46.09,47.043,AccountsReceivableTurnoverDay
電腦及週邊設備業,59.34,58.75,64.86,64.91,62.82,58,56.96,53.88,62.44,58.4,56.06,52.28,58.43,53.6,52.21,51.51,58.22,51.97,52.77,51.4,59.07,57.1,56.57,54.52,65.71,59.23,60.01,56.77,70.7,54.01,58.39,54.29,66.84,62.1,59.65,55.78,68.4,66.25,59.45,60.89,64.77,65.18,66.03,63.98,64.9,63.68,63.97,67.01,AccountsReceivableTurnoverDay
通信網路業,53.81,50.02,56.11,51.53,53.82,47.35,54.08,50.39,56.09,55.66,57.52,51.72,55.72,52.73,54.85,54.78,56.87,51.14,53.14,51.04,56.25,51.62,54.35,52.15,57.46,54.23,54.61,52.83,55.17,50.67,51.38,48.41,53.26,50.13,49.91,46.28,51.82,49.59,50.08,49.8,53.38,49.68,50.29,47.32,52.08,49.27,50.35,46.1,AccountsReceivableTurnoverDay
6414 樺漢,-,4.9,4.38,2.61,1.82,1.74,2.22,2.38,2.05,2.29,2.26,2.22,1.85,1.78,1.65,1.67,1.51,0.92,1.42,2.1,1.33,1.4,1.45,1.63,1.22,1.24,1.33,1.62,1.13,1.13,1.28,1.59,1.17,1.25,1.18,1.52,1.1,1.06,1.15,0.94,1.02,1,1.02,1.23,1.03,1,1,1.09,InventoryTurnover
6570 維田,-,-,-,-,-,-,-,-,-,1.22,-,1.37,-,1.51,-,1.63,-,1.75,0.78,0.78,0.88,0.97,0.81,1.03,1.02,1.09,0.82,0.89,0.77,0.73,0.72,0.8,0.73,0.83,0.76,0.77,0.63,0.59,0.75,0.65,0.52,0.66,0.65,0.72,0.8,0.88,0.71,0.78,InventoryTurnover
6245 立端,0.72,0.78,0.72,0.81,0.76,0.81,0.82,0.92,0.76,0.85,0.74,0.81,0.69,0.82,0.73,0.89,0.73,0.8,0.72,0.74,0.64,0.74,0.65,0.78,0.78,0.72,0.78,0.82,0.53,0.6,0.86,0.81,0.7,0.58,0.65,0.69,0.5,0.6,0.6,0.72,0.56,0.63,0.53,0.7,0.53,0.53,0.71,0.79,InventoryTurnover
3416 融程電,1.21,1.1,1.38,1.36,1.1,1.1,1.11,1.24,1.21,1.16,0.94,1.37,1.14,1.07,0.93,1.01,0.94,0.83,0.84,0.93,0.92,0.9,0.73,0.89,0.9,1,0.85,0.88,0.79,0.69,0.93,0.89,0.86,0.86,0.86,0.74,0.64,0.61,0.73,0.67,0.63,0.74,0.76,0.71,0.83,0.83,0.93,0.94,InventoryTurnover
公司平均數,0.965,2.26,2.16,1.593,1.227,1.217,1.383,1.513,1.34,1.38,1.313,1.443,1.227,1.295,1.103,1.3,1.06,1.075,0.94,1.137,0.943,1.002,0.91,1.083,0.98,1.013,0.945,1.053,0.805,0.788,0.948,1.023,0.865,0.88,0.862,0.93,0.718,0.715,0.808,0.745,0.683,0.758,0.74,0.84,0.797,0.81,0.838,0.9,InventoryTurnover
電腦及週邊設備業,2,1.99,2.11,2.31,2.07,2.1,2.06,2.23,1.87,1.82,1.89,2.1,1.81,1.89,2.09,2.24,1.85,1.91,1.98,2.13,1.78,1.78,1.79,1.93,1.59,1.73,1.84,2.1,1.5,1.84,1.88,2,1.5,1.49,1.49,1.63,1.24,1.11,1.27,1.32,1.29,1.39,1.55,1.62,1.46,1.48,1.59,1.57,InventoryTurnover
通信網路業,1.59,1.98,1.94,2.01,1.77,2.07,1.91,2.2,1.98,1.92,1.83,2.03,1.73,1.91,2,2.06,1.81,1.81,1.79,2.07,1.74,1.69,1.66,1.79,1.59,1.63,1.71,1.75,1.44,1.53,1.69,1.89,1.54,1.45,1.34,1.46,1.23,1.22,1.32,1.42,1.23,1.29,1.35,1.52,1.37,1.44,1.47,1.71,InventoryTurnover
6414 樺漢,-,18.37,20.55,34.48,49.45,51.72,40.54,37.82,43.9,39.3,39.82,40.54,48.65,50.56,54.55,53.89,59.6,97.83,63.38,42.86,67.67,64.29,62.07,55.21,73.77,72.58,67.67,55.56,79.65,79.65,70.31,56.6,76.92,72,76.27,59.21,81.82,84.91,78.26,95.74,88.24,90,88.24,73.17,87.38,90,90,82.57,InventoryTurnoverDay
6570 維田,-,-,-,-,-,-,-,-,-,147.54,-,131.39,-,119.21,-,110.43,-,102.86,115.38,115.38,102.27,92.78,111.11,87.38,88.24,82.57,109.76,101.12,116.88,123.29,125,112.5,123.29,108.43,118.42,116.88,142.86,152.54,120,138.46,173.08,136.36,138.46,125,112.5,102.27,126.76,115.38,InventoryTurnoverDay
6245 立端,125,115.38,125,111.11,118.42,111.11,109.76,97.83,118.42,105.88,121.62,111.11,130.43,109.76,123.29,101.12,123.29,112.5,125,121.62,140.63,121.62,138.46,115.38,115.38,125,115.38,109.76,169.81,150,104.65,111.11,128.57,155.17,138.46,130.43,180,150,150,125,160.71,142.86,169.81,128.57,169.81,169.81,126.76,113.92,InventoryTurnoverDay
3416 融程電,74.38,81.82,65.22,66.18,81.82,81.82,81.08,72.58,74.38,77.59,95.74,65.69,78.95,84.11,96.77,89.11,95.74,108.43,107.14,96.77,97.83,100,123.29,101.12,100,90,105.88,102.27,113.92,130.43,96.77,101.12,104.65,104.65,104.65,121.62,140.63,147.54,123.29,134.33,142.86,121.62,118.42,126.76,108.43,108.43,96.77,95.74,InventoryTurnoverDay
公司平均數,99.69,71.857,70.257,70.59,83.23,81.55,77.127,69.41,78.9,92.578,85.727,87.182,86.01,90.91,91.537,88.638,92.877,105.405,102.725,94.157,102.1,94.673,108.733,89.773,94.347,92.538,99.673,92.178,120.065,120.843,99.182,95.333,108.358,110.062,109.45,107.035,136.328,133.748,117.888,123.383,141.223,122.71,128.733,113.375,119.53,117.627,110.073,101.903,InventoryTurnoverDay
電腦及週邊設備業,45.06,45.15,42.6,38.89,43.39,42.85,43.78,40.44,48.25,49.48,47.63,42.8,49.8,47.7,42.99,40.18,48.72,47.12,45.45,42.24,50.58,50.69,50.33,46.74,56.69,52.05,48.95,42.86,60.19,48.94,47.95,44.93,60.05,60.32,60.56,55.2,72.7,81.01,70.71,68.4,70.04,64.92,58.18,55.64,61.73,60.79,56.55,57.44,InventoryTurnoverDay
通信網路業,56.74,45.52,46.39,44.76,50.8,43.49,47.2,40.84,45.34,46.8,49.31,44.38,51.92,47.21,45.06,43.6,49.8,49.83,50.22,43.38,51.83,53.2,54.24,50.28,56.69,55.12,52.62,51.34,62.61,58.89,53.32,47.5,58.39,62.24,67.09,61.52,73.11,73.8,68.26,63.53,72.98,69.64,66.68,59.27,65.51,62.33,61.43,52.6,InventoryTurnoverDay
6414 樺漢,-,0.44,0.5,0.4,0.31,0.37,0.49,0.52,0.43,0.44,0.43,0.45,0.37,0.35,0.32,0.28,0.2,0.14,0.29,0.34,0.23,0.25,0.29,0.32,0.23,0.23,0.24,0.28,0.21,0.22,0.24,0.29,0.22,0.25,0.25,0.31,0.24,0.26,0.3,0.22,0.24,0.25,0.25,0.27,0.24,0.25,0.26,0.27,TotalAssetTurnover
6570 維田,-,-,-,-,-,-,-,-,-,0.72,-,0.76,-,0.62,-,0.57,-,0.61,0.3,0.24,0.22,0.23,0.21,0.28,0.26,0.28,0.24,0.26,0.2,0.2,0.2,0.17,0.15,0.2,0.22,0.23,0.2,0.2,0.26,0.22,0.17,0.2,0.17,0.17,0.18,0.18,0.15,0.15,TotalAssetTurnover
6245 立端,0.31,0.33,0.33,0.35,0.31,0.32,0.33,0.38,0.32,0.34,0.34,0.38,0.32,0.36,0.33,0.38,0.3,0.34,0.35,0.38,0.3,0.35,0.34,0.39,0.34,0.3,0.34,0.36,0.26,0.3,0.37,0.31,0.24,0.23,0.29,0.31,0.24,0.31,0.31,0.36,0.25,0.25,0.2,0.23,0.18,0.18,0.23,0.24,TotalAssetTurnover
3416 融程電,0.23,0.22,0.27,0.25,0.2,0.22,0.23,0.22,0.19,0.18,0.17,0.24,0.18,0.17,0.16,0.19,0.18,0.17,0.18,0.18,0.16,0.16,0.14,0.17,0.16,0.17,0.15,0.16,0.14,0.14,0.21,0.21,0.19,0.18,0.2,0.18,0.17,0.17,0.21,0.19,0.17,0.18,0.18,0.16,0.16,0.16,0.17,0.18,TotalAssetTurnover
公司平均數,0.27,0.33,0.367,0.333,0.273,0.303,0.35,0.373,0.313,0.42,0.313,0.458,0.29,0.375,0.27,0.355,0.227,0.315,0.28,0.285,0.227,0.248,0.245,0.29,0.248,0.245,0.243,0.265,0.202,0.215,0.255,0.245,0.2,0.215,0.24,0.258,0.213,0.235,0.27,0.248,0.208,0.22,0.2,0.208,0.19,0.193,0.203,0.21,TotalAssetTurnover
電腦及週邊設備業,0.42,0.42,0.45,0.47,0.4,0.41,0.44,0.48,0.39,0.4,0.44,0.49,0.39,0.4,0.44,0.48,0.39,0.42,0.46,0.5,0.4,0.41,0.45,0.49,0.39,0.41,0.44,0.48,0.35,0.45,0.46,0.48,0.37,0.4,0.43,0.47,0.38,0.37,0.41,0.4,0.35,0.36,0.38,0.38,0.35,0.37,0.4,0.4,TotalAssetTurnover
通信網路業,0.2,0.24,0.22,0.22,0.19,0.22,0.2,0.23,0.2,0.2,0.19,0.21,0.19,0.2,0.2,0.21,0.19,0.2,0.2,0.22,0.18,0.18,0.18,0.2,0.18,0.18,0.19,0.19,0.15,0.16,0.18,0.2,0.17,0.17,0.17,0.19,0.17,0.18,0.2,0.21,0.18,0.18,0.19,0.2,0.17,0.18,0.18,0.21,TotalAssetTurnover
6414 樺漢,-,23.15,21.15,22.73,21.46,21.19,17.80,17.07,18.11,17.64,18.02,19.00,20.88,21.94,19.57,17.27,18.01,16.92,30.06,18.38,27.01,23.18,20.94,20.25,21.58,22.52,24.02,23.55,25.53,25.08,21.96,21.63,23.55,22.56,21.54,18.38,21.03,20.39,18.38,12.51,19.35,19.79,20.24,18.38,20.12,18.75,20.32,19.62,GrossMargin
6570 維田,-,-,-,-,-,-,-,-,-,39.12,-,42.33,-,38.13,-,37.45,-,36.40,36.33,33.51,34.08,32.77,37.38,39.22,38.31,38.79,39.23,39.46,35.33,35.94,33.98,29.96,33.43,33.75,35.06,34.38,32.41,37.09,40.10,38.13,39.15,39.00,38.43,34.73,34.08,35.56,42.19,37.38,GrossMargin
6245 立端,31.12,30.48,30.94,27.78,28.76,26.77,26.48,30.22,30.12,25.19,30.88,28.72,29.05,26.21,29.41,28.11,27.25,25.68,28.66,29.78,26.16,25.56,29.42,27.44,26.40,29.40,29.84,29.15,29.86,30.24,27.99,29.85,28.07,26.04,25.67,26.50,26.66,28.64,30.48,34.13,33.30,32.59,36.04,33.19,34.39,34.56,36.29,36.81,GrossMargin
3416 融程電,34.02,37.95,34.89,34.03,34.88,35.80,37.82,34.52,35.74,36.30,40.05,40.78,39.00,40.60,38.57,35.53,34.98,34.06,33.66,34.90,33.53,33.07,36.96,37.72,36.42,37.11,37.44,36.72,38.93,38.44,32.78,32.32,34.31,34.29,34.24,31.20,31.87,33.19,36.69,38.97,38.33,38.37,40.92,42.47,40.44,41.55,39.49,38.68,GrossMargin
公司平均數,32.57,30.53,28.99,28.18,28.37,27.92,27.37,27.27,27.99,29.56,29.65,32.71,29.64,31.72,29.18,29.59,26.75,28.27,32.18,29.14,30.20,28.64,31.18,31.16,30.68,31.95,32.63,32.22,32.41,32.42,29.18,28.44,29.84,29.16,29.13,27.62,27.99,29.83,31.41,30.94,32.53,32.44,33.91,32.19,32.26,32.60,34.57,33.12,GrossMargin
電腦及週邊設備業,21.91,21.93,21.51,21.16,22.34,22.09,21.93,22.47,22.41,21.78,22.43,23.29,24.57,24.13,24.27,23.82,23.64,22.77,22.71,21.90,21.56,21.24,21.97,22.32,21.74,22.13,23.50,23.04,21.82,23.63,23.28,22.13,23.32,22.46,22.19,22.72,21.16,22.71,22.51,23.03,22.94,23.14,23.97,22.47,23.89,24.16,23.97,22.38,GrossMargin
通信網路業,22.63,24.22,23.93,22.56,24.39,24.58,24.11,23.54,25.11,24.72,25.49,22.13,25.52,21.98,21.22,22.67,25.14,24.59,23.23,22.76,23.37,23.00,23.25,20.88,23.46,24.04,23.09,21.45,17.91,18.30,13.20,18.09,17.06,14.38,17.93,47.28,21.67,23.69,23.44,23.53,23.74,22.13,22.37,22.24,19.90,21.57,22.86,24.53,GrossMargin
6414 樺漢,-,14.88,12.89,14.05,12.15,15.50,12.00,11.11,11.04,11.04,10.53,10.44,13.12,12.12,10.40,8.05,8.06,4.71,5.26,5.04,5.50,2.46,4.63,4.50,3.23,3.82,4.27,4.94,3.45,4.71,4.66,4.52,2.97,4.06,3.84,2.56,3.01,4.23,3.77,0.02,4.50,5.08,4.61,3.13,2.96,3.19,4.55,3.53,OperatingMargin
6570 維田,-,-,-,-,-,-,-,-,-,4.63,-,12.23,-,9.58,-,9.32,-,8.97,7.53,2.99,6.25,5.73,8.23,15.99,14.86,14.42,9.56,11.23,7.12,8.87,6.75,4.94,8.52,13.88,16.51,14.70,11.32,13.79,21.47,16.92,15.86,15.85,11.12,4.37,9.31,9.89,11.92,6.06,OperatingMargin
6245 立端,8.10,7.30,8.93,6.71,6.98,4.52,5.60,7.06,7.42,3.79,8.31,5.72,7.22,4.74,7.31,8.38,7.43,4.88,8.12,9.95,4.69,6.64,8.20,9.34,7.55,7.48,9.92,9.60,6.94,8.02,11.08,8.41,7.83,4.92,7.12,11.53,6.47,11.09,13.14,15.28,15.20,14.12,13.43,12.61,10.94,9.23,14.14,16.88,OperatingMargin
3416 融程電,14.48,16.48,17.62,14.61,13.48,15.35,19.17,14.32,16.44,16.45,18.77,15.31,18.20,18.18,15.45,11.44,14.31,9.95,10.93,10.93,12.90,10.00,13.32,15.39,16.21,16.82,16.31,15.92,16.21,16.51,15.98,14.84,17.81,17.64,19.43,14.89,15.56,14.93,20.81,22.10,21.77,21.99,22.53,22.69,21.69,21.06,20.13,16.86,OperatingMargin
公司平均數,11.29,12.89,13.15,11.79,10.87,11.79,12.26,10.83,11.63,8.98,12.54,10.92,12.85,11.16,11.05,9.30,9.93,7.13,7.96,7.23,7.33,6.21,8.59,11.30,10.46,10.63,10.01,10.42,8.43,9.53,9.62,8.18,9.28,10.13,11.72,10.92,9.09,11.01,14.80,13.58,14.33,14.26,12.92,10.70,11.22,10.84,12.68,10.83,OperatingMargin
電腦及週邊設備業,2.26,3.67,3.33,2.50,2.79,3.81,3.19,4.58,3.24,2.33,3.88,4.46,4.63,4.07,6.00,4.67,3.40,2.74,3.56,2.75,1.86,1.53,2.67,3.25,1.48,1.39,4.54,3.80,-0.2,3.19,5.63,4.57,4.81,4.48,4.66,5.50,3.30,4.64,3.40,3.14,1.49,1.98,2.97,-0.25,1.59,2.31,2.48,-5.95,OperatingMargin
通信網路業,0.16,4.88,2.85,2.23,2.52,4.06,1.15,-1.04,-1.68,-15.26,-10.47,-2.51,-1.52,-10.43,-140.67,-14.11,-3.93,-0.51,0.15,-3.19,-8.9,2.53,-86.22,-63.19,-56.93,-1.93,-9.94,-4.64,-11.69,-9.77,-21.24,-7.2,-13.91,-19.52,-8.24,46.48,-4.82,-0.41,-1.96,-0.86,-3.64,-6.59,-14.95,-12.25,-26.3,-10.73,-6.2,-2.49,OperatingMargin
6414 樺漢,-,13.81,10.73,13.19,11.73,12.73,11.11,11.17,8.72,9.34,11.46,9.29,10.79,10.64,9.07,8.22,6.19,8.17,4.65,5.52,4.24,3.73,4.25,4.31,2.68,3.63,4.03,4.25,2.97,3.99,3.55,4.28,2.69,3.35,3.73,3.89,3.15,4.07,4.40,27.79,4.12,5.40,5.17,3.26,4.12,3.36,4.52,4.69,NetIncomeMargin
6570 維田,-,-,-,-,-,-,-,-,-,3.45,-,11.30,-,6.81,-,8.02,-,4.87,7.98,3.82,4.67,6.45,7.32,14.06,12.44,11.80,7.24,10.50,6.31,11.66,4.29,0.51,10.06,11.09,13.98,13.19,10.98,12.35,21.66,12.63,12.16,14.80,14.68,2.73,8.68,4.09,7.55,6.44,NetIncomeMargin
6245 立端,8.26,7.52,7.07,7.72,7.23,3.01,6.45,9.95,5.43,2.44,9.10,6.84,4.84,5.52,7.61,8.54,4.32,4.20,7.16,8.12,3.68,6.19,6.96,7.92,6.40,6.48,8.04,7.97,5.06,12.37,8.89,7.46,6.48,5.23,6.08,10.15,6.17,9.91,13.30,10.27,11.56,13.15,12.98,9.66,12.58,11.28,11.25,12.68,NetIncomeMargin
3416 融程電,15.33,15.41,14.29,14.61,13.86,13.62,18.37,15.24,13.55,12.53,17.19,13.19,14.32,16.59,12.35,11.57,8.62,8.78,9.17,11.24,11.14,11.94,12.66,16.31,14.30,15.45,14.67,13.41,15.00,15.51,13.69,12.29,14.00,15.73,16.41,11.98,14.69,15.36,21.31,15.71,17.60,21.72,23.34,14.50,18.99,18.06,20.31,15.14,NetIncomeMargin
公司平均數,11.79,12.25,10.70,11.84,10.94,9.79,11.98,12.12,9.23,6.94,12.58,10.15,9.98,9.89,9.68,9.09,6.38,6.50,7.24,7.17,5.93,7.08,7.80,10.65,8.96,9.34,8.50,9.03,7.33,10.88,7.60,6.13,8.31,8.85,10.05,9.80,8.75,10.42,15.17,16.60,11.36,13.77,14.04,7.54,11.09,9.20,10.91,9.74,NetIncomeMargin
電腦及週邊設備業,3.53,4.89,2.44,2.85,3.46,1.92,5.65,5.51,2.55,1.31,5.78,3.59,3.12,3.19,3.91,6.58,0.00,3.44,8.13,2.78,1.60,3.25,2.89,2.98,2.02,1.76,4.45,1.97,-1.67,4.27,4.53,3.02,4.39,4.58,4.71,6.22,4.23,4.77,7.56,-0.7,1.21,3.83,4.40,-3.7,5.08,7.62,2.26,-12.33,NetIncomeMargin
通信網路業,2.36,4.73,2.83,1.82,2.62,3.57,4.06,3.08,-4.75,-29.48,43.29,-5.92,0.48,-6.5,-400,-9.91,-24.62,17.16,24.58,9.04,-17.37,35.37,-106.27,-48.98,-44.39,-3.03,-6.33,-7.83,-27.12,-4.18,-11.84,-0.48,-5.84,-20.33,-8.76,50.05,-4.6,1.49,2.46,-1.89,0.13,-0.7,-3.1,-16.06,-11.89,-3.86,-5.1,-0.38,NetIncomeMargin
6414 樺漢,-,6.10,5.32,5.22,3.66,4.76,5.44,5.82,3.78,4.09,4.93,4.13,3.95,3.75,2.91,2.30,1.25,1.13,1.35,1.88,0.96,0.95,1.22,1.39,0.63,0.85,0.97,1.19,0.61,0.87,0.85,1.24,0.59,0.83,0.93,1.20,0.75,1.07,1.32,6.00,0.99,1.33,1.29,0.90,1.00,0.84,1.19,1.29,ROA
6570 維田,-,-,-,-,-,-,-,-,-,2.49,-,8.59,-,4.24,-,4.55,-,2.95,2.42,0.91,1.03,1.49,1.53,3.90,3.23,3.34,1.70,2.75,1.26,2.32,0.86,0.09,1.49,2.22,3.07,3.09,2.17,2.49,5.73,2.72,2.06,2.97,2.50,0.46,1.56,0.75,1.16,0.98,ROA
6245 立端,2.52,2.46,2.33,2.69,2.22,0.98,2.14,3.78,1.73,0.84,3.11,2.62,1.57,1.98,2.50,3.21,1.31,1.42,2.49,3.06,1.12,2.18,2.33,3.07,2.15,1.96,2.70,2.88,1.31,3.71,3.25,2.28,1.55,1.18,1.74,3.14,1.46,3.04,4.17,3.71,2.86,3.29,2.54,2.25,2.27,2.01,2.58,3.02,ROA
3416 融程電,3.47,3.35,3.79,3.62,2.81,3.02,4.19,3.32,2.62,2.29,2.86,3.18,2.54,2.82,2.00,2.22,1.58,1.52,1.69,2.04,1.78,1.89,1.82,2.85,2.26,2.62,2.26,2.13,2.09,2.20,2.87,2.60,2.71,2.86,3.35,2.20,2.47,2.63,4.56,3.02,2.95,3.94,4.15,2.29,3.13,2.85,3.48,2.77,ROA
公司平均數,3.00,3.97,3.81,3.84,2.90,2.92,3.92,4.31,2.71,2.43,3.63,4.63,2.69,3.20,2.47,3.07,1.38,1.75,1.99,1.97,1.22,1.63,1.73,2.80,2.07,2.19,1.91,2.24,1.32,2.27,1.96,1.55,1.58,1.77,2.27,2.41,1.71,2.31,3.95,3.86,2.21,2.88,2.62,1.48,1.99,1.61,2.10,2.01,ROA
電腦及週邊設備業,0.98,0.90,0.41,0.88,0.73,0.93,1.13,1.09,0.88,0.78,1.11,1.01,0.82,0.86,1.06,1.00,0.68,0.79,0.90,0.85,0.68,0.80,0.91,0.67,0.58,0.77,1.08,1.01,0.50,1.33,1.51,1.36,1.30,1.69,1.62,1.59,1.09,1.03,1.62,0.99,0.74,1.16,1.52,1.11,1.24,1.56,1.52,1.25,ROA
通信網路業,1.58,1.87,1.56,1.59,1.49,1.83,1.45,0.71,1.49,0.95,1.49,1.30,1.51,1.43,1.45,1.21,1.26,1.58,1.48,0.60,2.97,1.35,1.20,1.06,1.07,1.21,1.27,1.06,0.93,1.22,1.38,1.26,1.10,1.17,1.36,1.40,1.17,1.43,1.65,1.38,1.30,1.50,1.50,1.37,1.36,1.60,1.50,1.73,ROA
6414 樺漢,-,10.69,8.86,8.12,5.03,6.27,7.52,8.39,5.64,6.69,8.67,7.25,7.14,7.59,5.51,4.21,2.84,3.20,3.97,5.22,2.57,2.63,3.50,4.00,1.74,2.40,2.99,3.76,1.90,2.65,2.63,3.80,1.80,2.57,2.99,3.88,2.34,3.25,4.12,17.76,2.75,3.53,3.25,2.26,2.62,2.34,3.29,3.48,ROE
6570 維田,-,-,-,-,-,-,-,-,-,3.61,-,11.98,-,5.92,-,6.07,-,3.92,3.25,1.27,1.57,2.33,2.42,6.04,4.97,5.33,2.78,4.27,1.90,3.63,1.38,0.16,3.20,4.70,6.43,6.36,4.34,5.54,11.67,4.50,3.42,5.15,3.98,0.67,2.39,1.24,1.97,1.65,ROE
6245 立端,4.95,4.94,4.96,5.61,4.19,1.76,3.88,6.95,3.09,1.51,5.74,4.84,2.85,3.71,4.59,5.58,2.20,2.40,4.49,5.45,1.88,3.77,4.38,5.75,3.77,3.36,4.71,4.98,2.24,6.38,5.75,4.34,3.05,2.43,3.82,6.85,3.07,6.31,8.89,7.79,5.77,6.53,5.17,4.04,3.59,3.22,4.05,4.45,ROE
3416 融程電,4.59,4.67,5.02,4.34,3.34,3.78,5.15,3.85,3.05,2.82,3.54,3.68,2.92,3.42,2.45,2.61,1.85,1.86,2.09,2.39,2.05,2.29,2.24,3.38,2.70,3.28,2.91,2.55,2.41,2.72,3.64,3.22,3.64,4.36,5.20,3.32,3.69,4.07,7.14,4.49,4.35,5.68,5.53,2.89,4.42,4.43,5.03,3.83,ROE
公司平均數,4.77,6.77,6.28,6.02,4.19,3.94,5.52,6.40,3.93,3.66,5.98,6.94,4.30,5.16,4.18,4.62,2.30,2.85,3.45,3.58,2.02,2.75,3.13,4.79,3.29,3.59,3.35,3.89,2.11,3.85,3.35,2.88,2.92,3.51,4.61,5.10,3.36,4.79,7.96,8.63,4.07,5.22,4.48,2.47,3.25,2.81,3.58,3.35,ROE
電腦及週邊設備業,2.60,2.43,1.12,2.45,1.96,2.47,3.10,2.97,2.28,2.00,2.93,2.60,1.99,2.08,2.72,2.60,1.72,2.04,2.49,2.36,1.79,2.15,2.62,1.92,1.57,2.10,3.04,2.75,1.33,3.68,4.34,3.90,3.67,4.83,4.75,4.73,3.24,3.12,4.85,2.79,2.01,3.08,3.96,2.82,3.10,3.99,3.95,3.25,ROE
通信網路業,2.39,2.99,2.53,2.49,2.33,2.96,2.39,1.13,2.33,1.54,2.45,2.07,2.35,2.30,2.37,1.91,1.93,2.50,2.38,0.94,4.51,2.10,1.91,1.63,1.64,1.93,2.07,1.67,1.47,2.07,2.41,2.17,1.87,2.06,2.46,2.48,2.05,2.62,3.08,2.51,2.33,2.72,2.73,2.42,2.36,2.86,2.70,3.00,ROE
6414 樺漢,,,,,-,23.73,50.99,200.19,244.65,173.44,115.07,54.97,30.67,36.78,36.58,21.43,17.18,18.40,211.12,282.27,196.24,246.74,68.06,55.22,62.65,27.60,3.26,4.51,1.49,-0.89,2.42,8.11,13.00,22.88,10.80,13.62,20.21,17.69,37.36,-17.22,17.38,7.91,-6.84,37.14,14.83,25.41,25.86,15.80,RevenueYOY
6570 維田,,,,,-,-,-,-,-,-,-,-,-,10.10,-,-5.46,-,2.19,-,-52.21,-,-46.79,-2.61,44.84,28.76,36.89,26.44,1.84,-21.2,-28.96,-13.86,-19.88,5.69,43.33,56.64,67.83,45.54,17.16,49.63,13.44,1.30,8.76,-37.07,-28.64,-1.8,-12.47,-6.67,-0.67,RevenueYOY
6245 立端,,,,,23.39,15.02,7.90,19.29,16.53,23.24,23.33,17.12,17.87,21.60,6.20,6.58,1.01,-3.77,13.09,10.00,8.66,19.29,14.11,20.28,27.26,-5.32,3.73,-5.51,-19.95,1.60,11.44,-3.96,11.49,-7.33,-5.67,12.19,4.25,44.69,24.87,36.38,22.40,-5.44,-29.46,-31.11,-24.88,-25.81,14.31,-2.66,RevenueYOY
3416 融程電,,,,,-6.11,8.14,-2.53,6.93,16.41,-1.22,-20.97,8.95,-10.72,-8.71,-2.78,-19.75,3.06,-0.39,10.70,7.14,10.95,18.28,3.28,10.32,3.12,13.43,15.69,-4.81,-12.8,-16.8,35.07,39.87,67.06,64.53,22.88,9.60,0.52,-0.69,11.85,12.51,6.52,13.44,-11.11,-13.66,11.84,7.52,15.41,37.77,RevenueYOY
公司平均數,,,,,8.64,15.63,18.79,75.47,92.53,65.15,39.14,27.01,12.61,14.94,13.33,0.70,7.08,4.11,78.30,61.80,71.95,59.38,20.71,32.66,30.45,18.15,12.28,-3.9699998,-52.460003,-45.049995,8.77,6.04,24.31,30.85,21.16,25.81,17.63,19.71,30.93,11.28,11.90,6.17,-84.479996,-36.27,-0.009999275,-5.35,12.23,12.56,RevenueYOY
電腦及週邊設備業,,,,,0.29,4.40,4.42,9.36,5.64,0.71,4.72,2.33,-5.36,-4.56,-2.8,-2.47,3.92,10.12,12.07,8.73,8.88,5.65,2.80,5.18,0.92,5.05,-1.07,-1.93,-11.64,10.72,10.29,9.35,22.02,-0.76,2.16,10.02,17.93,6.67,8.59,-12.72,-10.26,-8.67,-12.06,-6.23,-0.7,11.73,17.59,21.29,RevenueYOY
通信網路業,,,,,-3.16,-4.02,-4.28,4.44,7.14,-9.36,-5.34,-6.72,-9.26,-5.01,0.91,-4.41,-4.1,-3.63,-3.39,-0.05,-4.54,-6.61,-5.72,-3.94,0.37,-1.01,1.46,-5.52,-8.83,-2.77,3.22,11.83,15.82,7.91,1.01,3.81,7.36,12.51,19.74,14.40,10.41,3.10,-4.89,-3.34,-0.94,5.57,4.18,7.65,RevenueYOY
6414 樺漢,,,,,-,13.25,27.09,125.45,190.77,127.60,117.75,72.49,50.66,70.12,48.31,10.39,1.08,-8.7,377.92,306.82,344.31,375.05,17.10,70.95,29.97,23.97,18.45,21.56,20.03,10.37,-6.38,-0.72,4.23,10.55,8.69,-3.44,7.36,6.37,17.25,-43.67,8.01,4.69,2.57,101.57,19.41,18.82,26.35,23.62,GrossProfitYOY
6570 維田,,,,,-,-,-,-,-,-,-,-,-,7.33,-,-16.36,-,-2.45,-,-57.23,-,-52.09,0.21,69.52,44.74,62.05,32.70,2.45,-27.33,-34.19,-25.39,-39.17,0.01,34.59,61.61,92.63,41.12,28.77,71.15,25.81,22.35,14.34,-39.69,-35,-14.5,-20.18,2.46,6.91,GrossProfitYOY
6245 立端,,,,,14.05,1.03,-7.64,29.79,22.04,15.93,43.78,11.29,13.66,26.54,1.16,4.34,-5.24,-5.73,10.22,16.51,4.32,18.74,17.15,10.84,28.45,8.90,5.20,0.37,-9.48,4.51,4.55,-1.63,4.81,-20.19,-13.52,-0.42,-0.97,59.10,48.30,75.67,52.89,7.62,-16.6,-33,-22.43,-21.33,15.11,7.93,GrossProfitYOY
3416 融程電,,,,,-3.72,2.02,5.66,8.46,19.26,0.14,-16.32,28.71,-2.56,2.10,-6.39,-30.09,-7.56,-16.43,-3.37,5.26,6.34,14.84,13.40,19.23,12.01,27.27,17.19,-7.34,-6.8,-13.81,18.25,23.08,47.23,46.74,28.36,5.81,-6.63,-3.85,19.85,40.52,28.11,31.13,-0.87,-5.9,18.01,16.43,11.38,25.47,GrossProfitYOY
公司平均數,,,,,5.17,5.43,8.37,54.57,77.36,47.89,48.40,37.50,20.59,26.52,14.36,-31.720001,-11.719999,-33.309998,128.26,67.84,118.32,89.13,11.96,42.63,28.79,30.55,18.39,4.26,-23.579998,-33.12,-8.970001,-18.44,14.07,17.92,21.29,23.64,10.22,22.60,39.14,24.58,27.84,14.45,-54.59,6.92,0.12,-6.26,13.83,15.98,GrossProfitYOY
電腦及週邊設備業,,,,,1.97,14.86,10.91,17.85,10.10,-4.28,6.21,6.08,0.39,3.73,-1.16,-3.14,-6.99,-7.38,-0.48,-7.38,-0.39,5.52,-1.4,1.46,-3.16,7.10,10.90,13.62,-4.09,22.81,19.89,17.18,55.15,16.29,7.34,15.29,7.96,-3.44,3.34,-11.92,-13.5,-1.33,2.23,8.70,15.18,22.42,18.04,16.86,GrossProfitYOY
通信網路業,,,,,-0.09,-2.62,-5.36,-2.51,0.42,-13.3,-3,-4.66,-4.66,-4.64,-3.57,-4.23,-4.62,-3.62,-5.61,-15.32,-14.19,-10.04,-10.11,3.96,0.35,-1.37,2.02,0.51,-3.38,-0.73,1.87,2.26,4.83,-0.74,-0.72,3.73,7.50,16.05,16.45,17.55,10.67,0.92,-1.38,-1.54,0.29,8.48,6.57,10.50,GrossProfitYOY
6414 樺漢,,,,,-,28.96,40.64,137.42,213.27,94.79,88.64,45.63,55.29,50.10,34.98,-6.43,-28.04,-54.01,57.27,139.63,102.32,81.19,48.01,38.62,-4.57,98.30,-4.85,14.60,8.50,22.16,11.73,-1.12,-2.87,5.76,-8.65,-35.73,21.78,22.78,34.90,-99.32,75.80,29.62,13.81,20460.33,-24.47,-21.23,24.21,30.84,OperatingIncomeYOY
6570 維田,,,,,-,-,-,-,-,-,-,-,-,128.05,-,-27.96,-,-4.32,-,-84.65,-,-66.01,6.44,673.27,206.06,244.36,46.89,-28.44,-62.23,-56.31,-39.19,-64.78,26.41,124.41,283.05,399.58,93.51,16.41,94.63,30.59,41.88,24.94,-67.4,-81.58,-42.38,-45.36,0.05,37.89,OperatingIncomeYOY
6245 立端,,,,,6.29,-28.77,-32.37,25.47,23.87,3.24,83.25,-5.08,14.70,52.18,-6.58,56.07,3.97,-0.86,25.46,30.64,-31.5,62.06,15.30,12.86,104.99,6.68,25.47,-2.85,-26.35,9.00,24.54,-15.83,25.63,-43.11,-39.38,53.72,-13.76,225.75,130.26,80.83,187.35,20.48,-27.89,-43.17,-45.91,-51.52,20.36,30.31,OperatingIncomeYOY
3416 融程電,,,,,-12.63,0.73,6.08,4.78,41.98,5.84,-22.65,16.46,-1.12,0.88,-19.99,-40.04,-19.01,-45.5,-21.68,2.40,0.08,18.89,25.86,55.31,29.53,90.85,41.67,-1.53,-12.79,-18.33,32.35,30.39,83.57,75.72,49.40,9.93,-12.19,-15.91,19.81,67.03,49.03,67.05,-3.75,-11.36,11.42,2.99,3.09,2.36,OperatingIncomeYOY
公司平均數,,,,,-6.34,0.31,4.78,55.89,93.04,34.62,49.75,19.00,22.96,57.80,2.80,-18.36,-43.08,-104.69,20.35,22.01,23.63,24.03,23.90,195.01,84.00,110.05,27.30,-18.220001,-92.87,-43.480003,7.36,-51.340004,33.18,40.70,71.10,106.87,22.34,62.26,69.90,19.78,88.52,35.52,-85.229996,5081.06,-101.34,-115.12,11.93,25.35,OperatingIncomeYOY
電腦及週邊設備業,,,,,3.40,40.40,18.19,66.43,23.40,-15.14,15.40,14.30,2.05,9.19,6.39,-5.37,-12.33,-17.26,-19.01,-24.48,-18.28,1.50,-2.78,19.74,-19.63,13.27,30.81,15.60,-17.67,79.18,43.27,31.78,193.93,18.48,5.62,22.15,6.16,-15.22,-8.41,-29.59,-32.86,-5.53,7.26,20.01,38.69,42.91,34.00,11.03,OperatingIncomeYOY
通信網路業,,,,,-4.74,4.03,-4.26,-15.43,4.78,-32.56,-8.5,-8.08,-8.03,6.56,6.81,-4.57,-0.75,7.26,-6.91,-38.9,-33.26,-19.73,-11.35,57.97,17.99,4.29,5.37,8.04,-0.05,6.44,14.04,15.34,11.67,0.20,-3.45,0.98,10.90,27.75,24.38,30.53,22.10,-1.11,-5.97,-8.34,-10.04,6.52,8.95,16.54,OperatingIncomeYOY
6414 樺漢,,,,,-,13.99,56.29,154.29,156.15,100.73,121.90,28.85,61.77,55.74,8.04,7.49,-32.78,-9.07,59.47,156.67,102.71,58.45,53.79,21.24,3.05,24.19,-2.2,2.92,12.46,8.78,-9.85,8.85,2.36,3.10,16.40,3.38,40.60,43.19,62.24,491.37,53.63,43.05,9.40,-83.9,14.66,-21.98,10.13,66.51,NetProfitYOY
6570 維田,,,,,-,-,-,-,-,-,-,-,-,117.68,-,-32.94,-,-27.03,-,-77.2,-,-29.42,-10.71,432.63,242.97,150.31,25.10,-23.95,-60.03,-29.81,-48.95,-96.15,68.54,36.35,410.46,4283.21,58.73,30.45,131.83,8.64,12.21,30.29,-57.37,-84.56,-29.9,-75.78,-52.01,134.22,NetProfitYOY
6245 立端,,,,,7.91,-53.97,-1.64,53.84,-12.47,0.05,74.01,-19.48,5.09,174.53,-11.19,33.07,-9.84,-26.77,6.49,4.51,-7.4,75.98,10.83,17.33,121.10,-0.97,19.90,-4.89,-36.63,93.95,23.17,-10.06,42.79,-60.84,-35.45,52.52,-0.78,174.26,173.19,38.06,129.27,25.51,-31.2,-35.2,-18.26,-36.37,-0.85,27.73,NetProfitYOY
3416 融程電,,,,,-15.15,-4.48,25.28,11.49,13.80,-9.06,-26.03,-5.71,-5.62,20.81,-30.19,-29.59,-37.98,-47.28,-17.81,4.06,43.45,60.92,42.62,60.13,32.35,46.70,34.08,-21.75,-8.5,-16.45,26.02,28.21,55.85,66.86,47.36,6.81,5.49,-3.05,45.22,47.55,27.65,60.43,-2.63,-20.34,20.66,-10.61,0.41,43.90,NetProfitYOY
公司平均數,,,,,-7.24,-44.460003,26.64,73.21,52.49,30.57,56.63,1.22,20.41,92.19,-33.34,-21.97,-80.6,-110.149994,16.05,22.01,46.25,41.48,24.13,132.83,99.87,55.06,19.22,-47.67,-92.7,14.12,-9.610004,-69.15,42.39,11.37,109.69,1086.48,26.01,61.21,103.12,146.41,55.69,39.82,-81.799995,-223.99998,-12.84,-144.73999,-42.319996,68.09,NetProfitYOY
電腦及週邊設備業,,,,,-19.11,7.18,53.57,21.54,23.07,-11.17,2.61,-7.28,-10.49,3.71,-7.55,-1.56,-14.21,-3.89,-8.23,-7.84,5.12,9.57,4.31,-13.68,-10.21,1.96,18.75,37.61,-12.89,68.15,45.92,44.55,148.15,41.49,17.50,30.65,-3.13,-29.38,12.62,-34.95,-33.65,4.63,-11.57,6.81,60.12,43.15,11.42,29.71,NetProfitYOY
通信網路業,,,,,-3.69,-1.17,-2.42,-49.15,0.92,-44.28,0.24,25.27,0.23,17.94,-2.72,-6.76,-13.96,3.45,-1.16,-29.98,82.74,-9.04,-11.27,17.18,-56.15,-6.1,4.12,1.40,-5.93,3.79,10.85,16.45,14.11,0.05,1.49,11.08,7.35,20.86,20.41,2.92,11.27,4.86,-7.27,-5.33,1.46,6.68,0.73,25.03,NetProfitYOY
6414 樺漢,,,,,-,2.81,42.48,113.82,88.81,61.20,64.68,7.69,29.64,28.14,-2.51,-1.43,-25.91,-0.79,17.71,30.72,11.93,-11.73,5.58,-9.76,-44.12,-13.29,-2.07,10.32,47.37,26.13,-29.34,-15.81,-8.04,-13.54,25.58,30.42,44.17,32.91,62.70,291.68,56.23,23.56,-2.11,-83.95,0.65,-28.02,-16.45,114.19,EPSYOY
6570 維田,,,,,-,-,-,-,-,-,-,-,-,75.56,-,-46.06,-,-27.85,-,-78.65,-,-35.09,-19.15,421.05,244.00,148.65,26.32,-24.24,-60.47,-36.96,-54.17,-96,52.94,37.93,409.09,3700.00,59.62,30.00,114.29,-11.4,-7.23,5.77,-62.5,-85.15,-31.17,-75.45,-52.22,146.67,EPSYOY
6245 立端,,,,,-7.45,-61.05,-14.44,35.45,-22.99,-10.81,61.04,-26.17,-2.99,157.58,-17.74,18.18,-23.08,-40,1.96,-1.54,-16,94.12,4.81,13.28,126.19,-9.09,11.93,-13.79,-35.79,75.56,31.15,0.00,47.54,-55.7,-33.75,59.20,5.56,180.00,169.81,37.19,127.37,25.00,-35.31,-50.18,-33.8,-48.16,-14.59,33.82,EPSYOY
3416 融程電,,,,,-23.73,-18.02,9.02,-8.7,-4.44,-16.48,-31.58,-5.71,-5.81,21.05,-29.67,-30.3,-38.27,-46.74,-18.75,-2.9,20.00,32.65,19.23,43.28,33.33,47.69,35.48,-21.88,-8.75,-16.67,25.00,29.33,54.79,66.25,47.62,6.19,5.31,-3.76,44.52,46.60,26.89,53.13,-8.48,-26.49,12.58,-13.27,-1.95,45.95,EPSYOY
公司平均數,,,,,-31.18,-76.259995,12.35,46.86,20.46,11.30,31.38,-24.189999,6.95,70.58,-49.92,-59.61,-87.259995,-115.380005,0.31,-52.370003,5.31,19.99,2.62,116.96,89.85,43.49,17.91,-49.589996,-57.640003,12.01,-27.359993,-82.479996,36.81,8.73,112.13,948.95,28.66,59.79,97.83,91.02,50.81,26.87,-108.399994,-245.77,-51.739998,-164.90001,-85.20999,85.16,EPSYOY
電腦及週邊設備業,,,,,-0.57,-1.67,35.44,17.93,-8.31,-17.26,-1.7,-6.7,-4.02,16.62,-17.55,16.75,-30.27,-4.73,20.66,-24.98,31.34,10.07,-16.6,-10.72,-13.99,-9.15,13.27,17.59,-9.86,49.37,32.26,34.64,83.42,21.36,1.61,31.86,10.55,-11.5,31.54,-25.82,-25.84,-9.57,-15.56,-15.75,33.36,21.76,-0.77,38.57,EPSYOY
通信網路業,,,,,-4.58,-20.56,-5.26,-4.16,-7.37,-20.22,49.79,-6.76,12.57,14.79,-26.94,5.65,-48.19,-7.73,-1.99,-23.63,42.73,4.05,-24.44,-7.5,-14.27,-15.76,25.16,-6.5,-50.73,11.22,12.87,25.68,44.87,-18.28,-13.21,9.69,14.34,41.77,54.03,-5.81,-5.37,-11.04,-26.08,-21.29,3.51,13.44,-8.99,41.42,EPSYOY
6414 樺漢,-,36.95,-11.52,32.75,-23.39,-19.38,3.43,14.53,30.55,16.33,14.79,7.22,5.28,5.11,-9.42,9.55,11.43,-2.74,-0.48,17.66,-3.82,-0.32,1.10,8.64,0.41,-4.95,6.67,10.49,-0.13,0.47,2.30,9.94,-2.05,-1.23,-2.52,9.20,-7.48,4.83,-7.24,7.87,4.35,-2.84,-1.42,11.81,-0.73,5.74,2.91,13.53,OperatingCashflowToCurrentLiability
6570 維田,-,-,-,-,-,-,-,-,-,3.37,-,45.47,-,14.32,-,53.77,-,-6.02,-3.53,19.57,9.70,7.91,22.97,19.48,19.46,8.72,-1.93,20.27,20.62,10.59,6.25,1.59,-1.24,6.64,13.23,11.12,3.24,2.28,20.47,58.98,-1.97,20.58,26.00,24.22,-1.42,20.73,18.39,19.57,OperatingCashflowToCurrentLiability
6245 立端,6.83,2.67,-3.74,-4.14,25.44,-4.08,-1.05,16.46,7.30,6.00,7.58,-0.74,7.13,3.64,14.68,16.58,-10.66,-6.75,13.20,18.17,-10.63,3.19,14.18,12.82,1.26,2.86,6.41,18.04,3.78,-15.81,27.58,3.58,-11.24,-0.28,-9.7,25.90,-19.35,0.52,21.69,28.09,16.35,9.85,17.52,15.80,7.49,0.52,0.10,11.39,OperatingCashflowToCurrentLiability
3416 融程電,29.27,10.88,11.98,30.10,-9.69,9.48,-15.88,28.50,34.74,5.17,56.80,7.00,68.13,-11.78,79.76,54.25,-27.78,12.91,11.99,38.55,-23.32,13.87,18.62,3.58,31.33,12.34,27.65,-26.44,24.93,1.91,27.90,21.61,-11.04,7.23,21.56,33.07,-22.47,11.19,17.35,17.71,6.36,11.53,34.16,23.55,3.98,8.28,49.31,22.91,OperatingCashflowToCurrentLiability
公司平均數,18.05,16.83,-3.2800007,19.57,-7.6399984,-13.98,-13.5,19.83,24.20,7.72,26.39,14.74,26.85,2.82,28.34,33.54,-27.01,-2.6000004,5.29,23.49,-28.07,6.16,14.22,11.13,13.12,4.74,9.70,5.59,12.30,-2.8400002,16.01,9.18,-25.57,3.09,5.64,19.82,-46.059998,4.71,13.07,28.16,6.27,9.78,19.06,18.84,2.33,8.82,17.68,16.85,OperatingCashflowToCurrentLiability
電腦及週邊設備業,1.41,4.41,2.37,3.66,3.72,1.00,1.21,3.21,0.15,0.97,0.89,5.21,6.90,0.43,4.35,5.74,0.02,-0.61,0.28,2.48,0.47,-2.18,0.68,1.93,1.59,2.57,2.86,7.16,2.07,-2.84,4.98,4.44,-0.54,-1.5,3.41,0.86,-2.46,-1.07,7.28,7.13,4.88,2.90,5.18,7.85,1.50,-1.3,0.22,3.64,OperatingCashflowToCurrentLiability
通信網路業,4.08,5.38,11.20,15.40,3.52,8.98,10.27,13.83,6.03,7.30,10.23,11.59,8.33,7.55,8.90,17.25,7.73,5.84,9.66,12.74,7.09,7.13,10.89,9.77,10.50,7.83,14.41,15.82,8.35,5.06,10.58,15.79,5.72,6.77,9.48,10.89,5.39,6.05,11.55,14.73,8.12,10.53,14.12,12.45,11.65,6.84,11.11,14.22,OperatingCashflowToCurrentLiability
6414 樺漢,-,36.73,-11.44,32.63,-23.33,-19.34,3.41,14.46,24.92,11.65,11.20,6.18,4.95,3.57,-6.53,7.65,4.70,-1.74,-0.27,10.32,-2.41,-0.29,1.00,7.94,0.30,-3.2,4.37,7.23,-0.09,0.32,1.62,6.71,-1.51,-0.92,-1.88,6.29,-5.13,3.37,-5.34,5.93,3.53,-2.35,-1.12,9.37,-0.53,4.00,2.02,9.69,OperatingCashflowToLiability
6570 維田,-,-,-,-,-,-,-,-,-,3.37,-,45.36,-,14.32,-,53.27,-,-6,-3.51,8.59,4.40,4.19,11.22,10.27,11.44,5.80,-1.15,10.58,11.37,6.76,3.75,0.49,-0.47,2.45,5.26,4.39,1.35,0.87,9.79,28.71,-1.19,12.72,12.23,11.13,-0.81,13.17,6.34,6.58,OperatingCashflowToLiability
6245 立端,5.12,2.07,-2.96,-2.9,18.49,-2.94,-0.79,14.99,6.61,5.60,6.98,-0.68,6.47,3.36,13.27,14.99,-9.36,-6.11,11.95,16.60,-9.47,2.95,13.16,11.79,1.13,2.60,5.76,16.19,3.37,-14.1,24.16,2.40,-7.16,-0.19,-6.5,18.44,-12.64,0.37,15.40,25.88,14.91,8.76,15.79,13.66,6.48,0.45,0.08,9.53,OperatingCashflowToLiability
3416 融程電,29.19,10.86,11.96,29.99,-9.66,9.47,-15.8,28.32,34.64,5.16,56.57,6.98,67.96,-11.75,79.36,53.85,-27.47,12.83,11.87,38.08,-22.96,13.75,18.40,3.54,30.75,12.10,27.00,-25.48,24.25,1.87,27.19,21.14,-5.49,4.50,11.34,19.72,-22.1,11.03,17.00,17.49,6.28,11.33,33.14,23.00,2.81,5.82,27.98,14.56,OperatingCashflowToLiability
公司平均數,17.16,16.55,-2.4399996,19.91,-14.5,-12.81,-13.18,19.26,22.06,6.44,24.92,14.46,26.46,2.38,28.70,32.44,-32.129997,-1.0200005,5.01,18.40,-30.439999,5.15,10.95,8.38,10.90,4.33,8.99,2.13,9.72,-5.15,14.18,7.68,-14.629999,1.46,2.06,12.21,-38.52,3.91,9.21,19.50,5.88,7.62,15.01,14.29,1.99,5.86,9.11,10.09,OperatingCashflowToLiability
電腦及週邊設備業,1.25,3.92,2.09,3.22,3.27,0.89,1.08,2.90,0.14,0.88,0.81,4.64,6.13,0.39,3.92,5.20,0.02,-0.55,0.26,2.27,0.43,-1.98,0.62,1.74,1.41,2.28,2.56,6.35,1.83,-2.57,4.53,3.94,-0.48,-1.33,3.02,0.77,-2.19,-0.95,6.44,6.26,4.28,2.53,4.53,6.78,1.30,-1.13,0.19,3.10,OperatingCashflowToLiability
通信網路業,3.56,4.72,9.49,12.79,2.85,7.34,8.25,11.08,4.80,5.92,8.09,8.86,6.23,5.85,6.71,13.04,5.81,4.69,7.46,9.94,5.56,5.63,8.30,7.46,7.38,5.82,10.39,11.00,5.60,3.39,6.94,9.94,3.72,4.54,6.06,6.77,3.34,3.96,7.42,9.37,5.11,6.82,8.95,7.68,7.62,4.81,7.34,9.33,OperatingCashflowToLiability
6414 樺漢,-,258.38,-79.28,219.69,-168.82,-102.72,19.40,101.68,235.59,127.23,103.26,68.02,62.59,56.54,-98.54,179.85,263.72,-135.94,-13.33,370.95,-154.83,-23.59,54.87,385.47,29.14,-272,305.01,424.08,-9.32,25.24,130.44,370.41,-173.96,-76.43,-141.15,371.32,-458.34,212.74,-288.94,65.33,225.01,-107.63,-52.59,647.11,-35.91,309.94,106.55,483.36,OperatingCashflowToNetProfit
6570 維田,-,-,-,-,-,-,-,-,-,41.92,-,146.08,-,113.57,-,213.46,-,-63.52,-28.32,379.13,145.62,108.51,255.67,96.24,124.49,70.55,-25.46,126.81,307.34,114.23,162.96,349.62,-17.26,57.66,90.63,72.03,31.88,22.13,74.24,383.01,-24.85,179.38,150.24,743.71,-20.26,748.55,222.98,265.04,OperatingCashflowToNetProfit
6245 立端,99.62,45.00,-73.5,-53.33,372.41,-130.85,-17.46,187.86,160.96,315.36,105.28,-12.24,179.07,85.85,214.13,214.77,-249.97,-198.34,215.69,246.63,-302.75,67.68,266.94,183.64,19.54,59.78,87.53,248.88,103.23,-159.76,336.18,58.25,-214.68,-9.21,-195.17,343.65,-409.59,6.91,195.95,383.43,245.82,136.91,326.05,225.76,101.13,8.95,1.02,102.60,OperatingCashflowToNetProfit
3416 融程電,206.64,105.55,51.64,138.89,-54.34,79.71,-50.94,127.56,179.81,55.81,248.19,31.02,323.68,-97.4,513.50,396.18,-234.31,199.06,98.71,321.00,-151.78,170.64,144.75,20.62,220.12,115.67,236.46,-152.54,162.40,20.72,173.26,170.40,-66.28,62.08,106.90,328.41,-276.91,168.76,120.59,194.75,67.23,86.84,159.88,213.61,35.51,72.97,201.94,157.46,OperatingCashflowToNetProfit
公司平均數,153.13,136.31,-101.14,101.75,49.75,-153.86002,-49,139.03,192.12,135.08,152.24,58.22,188.45,39.64,209.70,251.06,-220.56,-198.73999,68.19,329.43,-463.74002,80.81,180.56,171.49,98.32,-26,150.89,161.81,140.91,0.11,200.71,237.17,-472.18,8.53,-138.79001,278.85,-1112.96,102.64,25.46,256.63,128.30,73.88,145.90,457.55,20.12,285.10,133.12,252.12,OperatingCashflowToNetProfit
電腦及週邊設備業,79.72,274.86,334.11,239.20,270.00,61.74,61.93,172.30,9.02,69.55,46.79,268.96,415.23,27.69,234.38,318.52,1.36,-45.33,18.92,166.00,37.93,-165.44,46.10,164.14,147.93,192.74,152.55,391.91,224.21,-131.64,199.29,193.84,-23.48,-52.51,127.04,32.96,-134.13,-62.18,262.07,387.39,356.46,133.53,188.37,355.76,64.21,-45.37,7.92,155.12,OperatingCashflowToNetProfit
通信網路業,76.27,104.76,211.62,301.78,66.98,166.91,210.31,569.69,115.84,256.96,200.94,252.64,143.99,166.86,167.57,393.89,154.29,119.64,175.83,597.90,61.51,163.18,241.73,246.00,238.92,192.24,301.45,370.83,239.25,121.37,211.06,333.12,138.01,178.01,194.70,210.81,123.70,131.68,206.09,308.91,168.01,209.36,261.94,247.02,238.16,138.72,205.55,232.93,OperatingCashflowToNetProfit
