公司,2017Q4,2018Q2,2018Q4,2019Q1,2019Q2,2019Q3,2019Q4,2020Q1,2020Q2,2020Q3,2020Q4,2021Q1,2021Q2,2021Q3,2021Q4,2022Q1,2022Q2,2022Q3,2022Q4,2023Q1,2023Q2,2023Q3,2023Q4,2024Q1,2024Q2,2024Q3,2024Q4,2013Q1,2013Q2,2013Q3,2013Q4,2014Q1,2014Q2,2014Q3,2014Q4,2015Q1,2015Q2,2015Q3,2015Q4,2016Q1,2016Q2,2016Q3,2016Q4,2017Q1,2017Q2,2017Q3,2018Q1,2018Q3,Category
6680 鑫創電子 (上櫃電腦及週邊設備業),,177639.0,161911.0,102368.0,81759.0,104659.0,82725.0,88464.0,110141.0,99061.0,102580.0,71870.0,85806.0,110748.0,123592.0,87484.0,117699.0,161309.0,168146.0,113746.0,154869.0,189659.0,170354.0,105149.0,181008.0,197402.0,183018.0,,,,,,,,,,,,,,,,,,,,,,Revenue
8050 廣積 (上櫃電腦及週邊設備業),1145371.0,944296.0,994112.0,946665.0,912039.0,855322.0,1126330.0,1039700.0,920241.0,1043574.0,1304755.0,1046291.0,1977779.0,1412756.0,1270029.0,1483935.0,1469185.0,1878394.0,1943317.0,1617116.0,1538648.0,1509773.0,1331325.0,986318.0,1315765.0,1423326.0,1454741.0,639054.0,621927.0,700191.0,793314.0,809163.0,1067540.0,912989.0,978359.0,1126107.0,1077669.0,1030425.0,1031670.0,1111080.0,1316502.0,1267324.0,1132179.0,985726.0,943780.0,1387789.0,894064.0,1096780.0,Revenue
6922 宸曜 (上櫃電腦及週邊設備業),,,,,,,,,,,,,,,,,586942.0,,694967.0,287602.0,245274.0,252429.0,269500.0,339191.0,352378.0,350381.0,403382.0,,,,,,,,,,,,,,,,,,,,,,Revenue
3594 磐儀 (上櫃電腦及週邊設備業),444285.0,384159.0,377693.0,339052.0,403366.0,415917.0,437494.0,282773.0,438059.0,378580.0,410904.0,301938.0,402274.0,364614.0,440586.0,327934.0,423311.0,456250.0,593560.0,384322.0,437514.0,385518.0,464073.0,263453.0,360308.0,364678.0,578165.0,255774.0,350496.0,325958.0,350600.0,309378.0,392581.0,321961.0,434201.0,273687.0,361845.0,310575.0,490633.0,385014.0,359572.0,318315.0,482501.0,296865.0,403480.0,387324.0,288633.0,380287.0,Revenue
2397 友通 (上市電腦及週邊設備業),812715.0,1428254.0,1246533.0,1443911.0,1746859.0,1599336.0,2241678.0,2176321.0,2040449.0,2040282.0,2092470.0,2008118.0,3271167.0,3739571.0,4192420.0,3870828.0,3852164.0,4093050.0,4346751.0,3820041.0,3761152.0,3921424.0,-2318445.0,1906186.0,2167776.0,2524804.0,2985126.0,479433.0,618232.0,676127.0,537936.0,652077.0,653522.0,645643.0,675829.0,703815.0,870126.0,774510.0,760186.0,964051.0,1017943.0,940947.0,900777.0,920057.0,994260.0,990022.0,1158041.0,1378294.0,Revenue
8234 新漢 (上櫃電腦及週邊設備業),1710035.0,1484249.0,2004681.0,1566135.0,1845822.0,1705388.0,2096063.0,1536661.0,1662393.0,1663122.0,1839718.0,1333227.0,1524593.0,1818737.0,2104023.0,1725262.0,1989421.0,2065914.0,2136100.0,1663790.0,1458826.0,1400320.0,1242573.0,1164778.0,1161066.0,1501418.0,1593803.0,990688.0,1066783.0,972890.0,1141162.0,1203586.0,1325829.0,1412966.0,1443244.0,1298918.0,1373580.0,1282861.0,1553071.0,1273637.0,1405207.0,1585601.0,1841165.0,1435899.0,1522153.0,1696140.0,1441586.0,1707123.0,Revenue
2395 研華 (上市電腦及週邊設備業),11759609.0,12645444.0,12366224.0,12300590.0,13976014.0,14382282.0,13485776.0,11272189.0,14018169.0,13049851.0,12779199.0,13161403.0,14209687.0,15506864.0,15744096.0,16119517.0,16824495.0,18613912.0,17186777.0,17395607.0,17028135.0,15006349.0,15137606.0,13879270.0,14643762.0,14949502.0,16313759.0,6629587.0,7808637.0,7949357.0,8272453.0,8146552.0,9278013.0,9124537.0,9182597.0,8784667.0,10026947.0,9437752.0,9751216.0,10073400.0,10712512.0,10411332.0,10804954.0,10006239.0,11406108.0,11202795.0,11355195.0,12359655.0,Revenue
6166 凌華 (上市電腦及週邊設備業),2756464.0,2682625.0,3028282.0,2662053.0,2559000.0,2400181.0,2875836.0,2480125.0,2152652.0,2284109.0,2718792.0,2097421.0,2259353.0,2291856.0,3024424.0,2581384.0,2787997.0,3061122.0,3287672.0,2879443.0,2939540.0,2671859.0,2923677.0,2053728.0,2521618.0,2432740.0,3070252.0,1351234.0,1816428.0,1710158.0,1602014.0,1669323.0,2254937.0,2037800.0,2085244.0,2184177.0,2393703.0,2333149.0,2157094.0,2063601.0,2347277.0,2302493.0,2856370.0,2302774.0,2720645.0,2888011.0,2260180.0,2506021.0,Revenue
3088 艾訊 (上櫃電腦及週邊設備業),957637.0,1387877.0,1270455.0,1109217.0,1196194.0,1173219.0,1260281.0,1124237.0,1125266.0,1149209.0,1204067.0,968706.0,1101379.0,1547069.0,1452452.0,1484823.0,1595521.0,1723050.0,1815433.0,1577525.0,1850852.0,1650369.0,1621733.0,1409106.0,1619771.0,1911732.0,1952462.0,809989.0,856039.0,1034753.0,990130.0,1094581.0,1131754.0,1076888.0,1065698.0,1144162.0,1027970.0,1230720.0,1388047.0,1285046.0,1062546.0,1194704.0,1164813.0,1046832.0,955825.0,1033935.0,1141235.0,1211077.0,Revenue
3479 安勤 (上櫃電腦及週邊設備業),1295433.0,1159140.0,1403528.0,1222952.0,1455302.0,1507414.0,1958441.0,1533624.0,993155.0,1089177.0,1073363.0,1064601.0,1143280.0,1300330.0,1419511.0,1654565.0,1867005.0,2038671.0,2320728.0,2084459.0,1988523.0,2266424.0,1895261.0,1559591.0,1915983.0,2165501.0,1961845.0,726525.0,803905.0,1034784.0,839120.0,800059.0,897312.0,976487.0,1081166.0,982372.0,887469.0,1219667.0,1393778.0,1401743.0,1351559.0,1197112.0,1105892.0,1127501.0,1149289.0,1280435.0,1180614.0,1277365.0,Revenue
電腦及週邊設備業,17842889.92,14439938.07,18418623.96,14301086.48,15044752.42,16438916.1,17918398.82,12635767.41,16657812.02,18130589.86,19691891.38,15504765.28,16578353.88,18404080.7,21664962.23,18114452.42,17224535.11,19985328.31,18419520.81,15960684.97,15616720.34,16967780.69,17129622.16,15576327.02,17449043.04,19952376.2,23296179.8,13986303.82,13166740.06,14959598.66,15591904.09,13683472.66,13587406.34,15463299.05,16881089.53,14455374.69,13420598.54,16192902.69,16941541.91,13680113.52,12589447.7,15277925.94,16220416.66,13662422.79,14035632.7,16463450.08,14328704.02,17071284.32,Revenue
2397 友通 (上市電腦及週邊設備業),272666.0,429200.0,371196.0,415904.0,536080.0,495080.0,547108.0,596404.0,480139.0,523286.0,509270.0,493997.0,679713.0,685453.0,661834.0,704579.0,777118.0,893405.0,892925.0,835128.0,779164.0,712242.0,108479.0,525455.0,587954.0,696444.0,864861.0,148689.0,181337.0,197053.0,181802.0,202270.0,222254.0,209530.0,226898.0,232947.0,249175.0,250181.0,243183.0,360370.0,318458.0,310547.0,273532.0,292147.0,309386.0,321976.0,348197.0,392198.0,GrossProfit
2395 研華 (上市電腦及週邊設備業),4558159.0,4792472.0,4772399.0,4724054.0,5410376.0,5697040.0,5267892.0,4395235.0,5765885.0,5192483.0,5042658.0,5208637.0,5217379.0,5706029.0,5999531.0,6157211.0,6499399.0,6779637.0,6676856.0,6910980.0,7014301.0,6016645.0,6219888.0,5547678.0,5931057.0,6173487.0,6723665.0,2765949.0,3194965.0,3200309.0,3424408.0,3379025.0,3717307.0,3616125.0,3680207.0,3590779.0,3980463.0,3746307.0,4027441.0,4136865.0,4307099.0,4323890.0,4349695.0,4051338.0,4400710.0,4370751.0,4338231.0,4760346.0,GrossProfit
6166 凌華 (上市電腦及週邊設備業),967325.0,928216.0,1082703.0,1057934.0,1054201.0,977335.0,1199325.0,975940.0,856428.0,919242.0,1063036.0,869975.0,803255.0,802213.0,1079719.0,857143.0,1093776.0,1126151.0,1174936.0,1077873.0,1073150.0,1002956.0,1025030.0,786572.0,932409.0,950181.0,1125802.0,550824.0,747890.0,689663.0,642652.0,730071.0,937129.0,842496.0,836413.0,976335.0,955357.0,915494.0,899328.0,937987.0,1006281.0,968949.0,1253268.0,916829.0,1022497.0,1056819.0,811200.0,904748.0,GrossProfit
3088 艾訊 (上櫃電腦及週邊設備業),323626.0,440423.0,445695.0,374147.0,449332.0,434530.0,435439.0,356723.0,406183.0,382370.0,405458.0,355094.0,375879.0,510458.0,459601.0,491727.0,482430.0,587975.0,668466.0,515577.0,668941.0,624884.0,593671.0,540602.0,599332.0,700018.0,699575.0,301192.0,321630.0,338551.0,331735.0,387277.0,408873.0,366023.0,365256.0,399601.0,387759.0,448298.0,471057.0,464753.0,403300.0,448252.0,429141.0,381345.0,316644.0,338387.0,372456.0,407576.0,GrossProfit
6579 研揚 (上市電腦及週邊設備業),406093.0,431040.0,472609.0,491945.0,544585.0,470668.0,556724.0,454743.0,529979.0,445961.0,499770.0,375202.0,377736.0,450673.0,651440.0,553187.0,758055.0,637316.0,804577.0,622544.0,729876.0,752926.0,729028.0,612900.0,719384.0,582369.0,663979.0,,,,,,,,,,,,,,897853.0,467712.0,514240.0,405858.0,473320.0,401721.0,372740.0,511842.0,GrossProfit
3479 安勤 (上櫃電腦及週邊設備業),329886.0,286128.0,352192.0,297918.0,404292.0,465031.0,571283.0,371796.0,274766.0,273675.0,254816.0,258741.0,260433.0,291111.0,348074.0,399574.0,447763.0,459844.0,576343.0,575298.0,506648.0,603485.0,500313.0,408998.0,508426.0,546188.0,511097.0,202628.0,204004.0,241444.0,201469.0,199397.0,215650.0,231984.0,257851.0,245543.0,227633.0,325835.0,352801.0,354588.0,371086.0,319152.0,288833.0,270737.0,273842.0,359742.0,274715.0,309085.0,GrossProfit
6414 樺漢 (上市電腦及週邊設備業),2781195.0,3401751.0,4754351.0,3799935.0,4217088.0,4956106.0,5779516.0,4561158.0,4654284.0,4640012.0,5737729.0,4754070.0,5145432.0,5042999.0,5540452.0,5103745.0,5473434.0,5912747.0,3121026.0,5512690.0,5730108.0,6064955.0,6291172.0,6582934.0,6808742.0,7663303.0,,,178848.0,182181.0,159256.0,148596.0,202551.0,231531.0,359044.0,432068.0,461016.0,504148.0,619318.0,650961.0,784289.0,747684.0,683641.0,658006.0,716081.0,3573299.0,2923614.0,4184194.0,GrossProfit
6570 維田 (上櫃電腦及週邊設備業),44130.0,50813.0,74807.0,71923.0,82340.0,69926.0,76642.0,52264.0,54192.0,52172.0,46621.0,52271.0,72938.0,84317.0,89804.0,73766.0,93921.0,144308.0,112981.0,90250.0,107388.0,87030.0,73441.0,77165.0,85719.0,89167.0,78513.0,,,,,,,,,,101313.0,,123373.0,,108736.0,,103188.0,,106067.0,52585.0,49692.0,52694.0,GrossProfit
3416 融程電 (上市電腦及週邊設備業),135044.0,130172.0,161015.0,146175.0,165670.0,154066.0,149204.0,136241.0,142796.0,182182.0,183633.0,200589.0,209538.0,233843.0,194310.0,187285.0,201465.0,280267.0,273047.0,239933.0,264176.0,277842.0,256928.0,283146.0,307583.0,309458.0,322368.0,118656.0,130019.0,144949.0,131470.0,114247.0,132648.0,153159.0,142587.0,136247.0,132838.0,128170.0,183529.0,132760.0,135630.0,119983.0,128298.0,122724.0,113351.0,115939.0,130499.0,131470.0,GrossProfit
電腦及週邊設備業,1209334.76,1078342.31,1205873.73,999660.4,1145387.47,1309220.99,1358711.35,958751.18,1406632.26,1569637.54,1598242.63,1511242.27,1627921.19,1663831.95,1842601.82,1616472.1,1534879.44,1719480.54,1584988.62,1373974.95,1505790.66,1700374.28,1709130.73,1557143.63,1843359.05,2007140.41,2171433.06,1095122.64,1023713.16,1133905.9,1119636.74,1097167.56,1168426.72,1246720.84,1306832.76,1207988.87,1098816.39,1324116.86,1362015.63,1212730.96,1127355.03,1275962.78,1301013.48,1089507.05,1048980.65,1223611.89,1046695.11,1212120.56,GrossProfit
8050 廣積 (上櫃電腦及週邊設備業),65805.0,7069.0,15365.0,56856.0,30883.0,32991.0,20108.0,41314.0,-16967.0,-39969.0,-24068.0,-18068.0,19443.0,49825.0,105068.0,180250.0,209422.0,318378.0,285069.0,199299.0,68823.0,114274.0,72892.0,-4176.0,81816.0,76602.0,-44928.0,67166.0,58303.0,96995.0,87732.0,91506.0,137478.0,88295.0,115319.0,162405.0,88783.0,146210.0,131406.0,195578.0,268455.0,202813.0,125264.0,137683.0,73584.0,158101.0,28233.0,81407.0,OperatingIncome
電腦及週邊設備業,340943.6,276879.98,401326.84,214961.46,309645.59,450783.62,458115.21,176976.97,554817.87,645820.61,609853.29,566761.76,650459.44,670834.25,744906.5,595941.38,538941.34,614422.38,512098.94,393277.08,506508.33,637606.29,609520.43,536251.92,723860.67,854361.01,746730.97,310100.45,268002.47,319679.47,256916.34,309033.78,369605.85,375217.65,423511.56,381341.93,308166.0,433016.11,475772.92,389168.5,333652.3,449400.43,444801.09,329591.34,279971.5,351398.72,260277.71,355088.55,OperatingIncome
6414 樺漢 (上市電腦及週邊設備業),835175.0,547881.0,1012526.0,472564.0,680424.0,831216.0,1042104.0,531441.0,740190.0,749379.0,1134373.0,543996.0,763151.0,872297.0,1172680.0,764848.0,1092726.0,1415205.0,6934836.0,1175069.0,1563169.0,1548304.0,1116840.0,1347392.0,1219647.0,1705144.0,,,106705.0,92487.0,92392.0,81215.0,121638.0,144548.0,234944.0,208031.0,244159.0,320753.0,302717.0,336540.0,380252.0,346551.0,325384.0,226232.0,345766.0,552631.0,458588.0,849882.0,NetProfit
6570 維田 (上櫃電腦及週邊設備業),5036.0,10007.0,26823.0,23356.0,25049.0,12904.0,20400.0,9336.0,17583.0,6588.0,786.0,15735.0,23974.0,33629.0,34452.0,24976.0,31273.0,77961.0,37427.0,28025.0,40747.0,33235.0,5777.0,19646.0,9868.0,15951.0,13531.0,,,,,,,,,,8926.0,,32937.0,,19430.0,,22088.0,,14179.0,11552.0,6810.0,10315.0,NetProfit
6245 立端 (上櫃通信網路業),152438.0,112294.0,178852.0,123918.0,111210.0,155686.0,170103.0,78525.0,215692.0,191760.0,152994.0,112122.0,84471.0,123778.0,233345.0,111243.0,231668.0,338149.0,322148.0,255052.0,290775.0,232660.0,208742.0,208487.0,185028.0,230671.0,266620.0,67636.0,68923.0,72378.0,88491.0,72983.0,31722.0,71193.0,136136.0,63879.0,31738.0,123885.0,109614.0,67132.0,87130.0,110019.0,145866.0,60524.0,63809.0,117156.0,56046.0,129847.0,NetProfit
通信網路業,81615.58,192248.73,147805.87,159706.96,174336.54,189077.34,152033.76,139273.1,182807.16,216901.19,193030.27,173114.47,182948.36,218767.9,223024.54,191637.93,235467.75,275913.76,231384.57,218799.72,248552.86,250021.33,230481.23,237740.55,284178.08,264383.93,347149.49,276845.19,304958.35,264481.3,255138.16,254200.07,285023.42,249327.89,111338.07,245086.33,142593.09,240894.61,191567.5,240176.35,206785.64,227210.01,169329.76,191349.59,217003.37,219154.2,438164.56,179194.21,NetProfit
3416 融程電 (上市電腦及週邊設備業),43478.0,47017.0,69623.0,57394.0,68972.0,60362.0,54483.0,52515.0,57627.0,76068.0,69852.0,81844.0,96157.0,112095.0,74610.0,86337.0,93223.0,162784.0,110085.0,110206.0,149557.0,158498.0,87691.0,132971.0,133691.0,159147.0,126190.0,53487.0,52805.0,59364.0,56450.0,45386.0,50441.0,74373.0,62938.0,51649.0,45872.0,55017.0,59342.0,48744.0,55416.0,38408.0,41780.0,30230.0,29217.0,31567.0,43365.0,45021.0,NetProfit
電腦及週邊設備業,305736.71,280416.42,255164.66,214535.06,283002.41,408610.01,375476.16,182142.67,492359.06,601092.36,557046.95,541743.26,703477.45,699496.68,732097.13,519473.22,483604.94,788875.59,462795.39,335718.27,503289.74,673528.38,497593.22,554579.2,726069.51,752003.77,716430.76,326165.43,284993.7,136671.56,289929.67,250457.0,304381.54,396163.38,386472.38,323777.89,263721.44,406812.13,351233.14,288112.72,272085.59,365873.9,341204.44,236586.89,261694.41,322948.56,241034.25,349068.44,NetProfit
6680 鑫創電子 (上櫃電腦及週邊設備業),,2.34,1.21,1.06,0.85,1.06,0.24,0.75,0.79,0.56,0.11,0.31,0.35,0.44,0.68,0.48,0.85,1.42,1.02,0.37,1.04,1.44,0.47,0.34,0.99,0.89,2.06,,,,,,,,,,,,,,,,,,,,,,EPS
8050 廣積 (上櫃電腦及週邊設備業),0.21,0.22,0.13,0.92,0.49,0.11,0.6,0.06,0.44,0.11,0.13,0.31,0.33,0.51,1.54,1.53,2.22,3.4,2.19,1.87,1.69,1.91,-0.25,1.37,1.17,0.62,0.9,0.74,0.55,0.87,0.79,0.92,1.23,0.88,1.15,1.45,0.59,1.4,1.13,1.53,1.81,1.33,0.77,0.64,0.54,1.22,0.31,1.9,EPS
6922 宸曜 (上櫃電腦及週邊設備業),,,,,,,,,,,,,,,,,4.3,,3.85,1.4,0.99,1.78,0.33,2.25,1.97,1.59,1.76,,,,,,,,,,,,,,,,,,,,,,EPS
3594 磐儀 (上櫃電腦及週邊設備業),-1.08,0.44,0.22,0.25,0.39,0.14,-0.06,-0.46,0.27,0.33,0.02,-0.12,0.13,0.0,0.29,0.18,0.24,0.64,0.42,0.38,0.55,0.37,0.0,0.19,0.41,0.12,0.64,0.14,0.77,0.26,0.42,0.3,0.53,0.35,0.89,-0.3,0.27,0.15,0.66,0.01,0.1,-0.46,0.58,-1.15,0.68,4.06,-0.62,0.37,EPS
2397 友通 (上市電腦及週邊設備業),0.68,1.63,1.14,1.4,1.72,1.35,1.03,1.27,0.67,0.93,0.68,0.58,0.55,0.62,3.63,0.73,1.01,1.69,1.18,1.1,0.85,0.47,0.74,0.45,0.64,0.8,1.57,0.5,0.61,0.58,0.52,0.66,0.65,0.75,0.9,0.64,0.79,1.05,0.65,1.3,1.19,1.03,1.07,0.68,1.1,1.19,1.14,1.38,EPS
8234 新漢 (上櫃電腦及週邊設備業),0.33,0.31,0.54,0.34,0.5,0.31,0.46,0.12,0.24,0.28,0.42,-0.24,0.09,0.56,0.6,0.66,0.7,4.61,0.42,0.92,0.09,0.6,-0.34,-0.14,0.08,0.18,0.49,0.55,0.47,0.08,0.41,0.55,0.74,1.93,0.42,0.02,0.31,0.51,0.56,0.31,0.41,0.25,0.64,-0.31,0.62,0.35,0.13,0.22,EPS
電腦及週邊設備業,0.76,0.79,0.66,0.52,0.7,0.96,0.82,0.45,1.13,1.29,1.18,1.07,1.4,1.3,1.59,1.18,1.27,1.75,1.18,0.85,1.16,1.45,0.95,1.22,1.45,1.43,1.46,0.65,0.65,0.57,0.65,0.66,0.64,0.9,0.82,0.6,0.52,0.88,0.78,0.57,0.7,0.72,0.99,0.37,0.7,0.91,0.57,0.84,EPS
8050 廣積 (上櫃電腦及週邊設備業),1234726.0,1234843.0,1764185.0,1764185.0,1764635.0,1765164.0,1770998.0,1770998.0,1770998.0,1770998.0,1770998.0,1770998.0,1770998.0,1770998.0,1770998.0,1770998.0,1770998.0,1933032.0,1949967.0,1949980.0,1949980.0,2067621.0,2068218.0,2060568.0,2060568.0,2060724.0,2061770.0,845367.0,888682.0,891222.0,911367.0,947508.0,999164.0,999720.0,1001930.0,1085430.0,1138488.0,1138488.0,1138488.0,1138584.0,1180848.0,1202126.0,1203809.0,1205386.0,1237029.0,1234656.0,1234843.0,1764185.0,CommonStock
6922 宸曜 (上櫃電腦及週邊設備業),,,,,,,,,,,,,,,202735.0,,212956.0,,226356.0,226356.0,228541.0,230541.0,255591.0,256171.0,256171.0,256171.0,256171.0,,,,,,,,,,,,,,,,,,,,,,CommonStock
3594 磐儀 (上櫃電腦及週邊設備業),627806.0,646045.0,629986.0,629986.0,642275.0,642275.0,642275.0,642275.0,658582.0,678739.0,711534.0,717097.0,732305.0,744218.0,744218.0,906402.0,906589.0,954393.0,954394.0,954394.0,954394.0,954394.0,954394.0,956974.0,956974.0,956974.0,956974.0,403940.0,457800.0,457800.0,457800.0,457800.0,480673.0,480673.0,500673.0,501445.0,561445.0,561445.0,561445.0,561445.0,577806.0,577806.0,577806.0,577806.0,577806.0,627806.0,627806.0,635475.0,CommonStock
2397 友通 (上市電腦及週邊設備業),1146889.0,1146889.0,1146889.0,1146889.0,1146889.0,1146889.0,1146889.0,1146889.0,1146889.0,1146889.0,1146889.0,1146889.0,1146889.0,1146889.0,1144889.0,1144889.0,1144889.0,1144889.0,1144889.0,1144889.0,1144889.0,1144889.0,1144889.0,1144889.0,1144889.0,1144889.0,1144889.0,1148399.0,1148399.0,1148399.0,1148399.0,1148399.0,1148399.0,1148399.0,1148399.0,1148399.0,1148399.0,1148399.0,1148399.0,1148399.0,1148399.0,1148399.0,1148399.0,1148399.0,1148399.0,1146889.0,1146889.0,1146889.0,CommonStock
8234 新漢 (上櫃電腦及週邊設備業),1412265.0,1412265.0,1412265.0,1412265.0,1412265.0,1412265.0,1412265.0,1412265.0,1412265.0,1412265.0,1412265.0,1412265.0,1412265.0,1412265.0,1412265.0,1412265.0,1412265.0,1412265.0,1412265.0,1412265.0,1412265.0,1412265.0,1412265.0,1412265.0,1412265.0,1412265.0,1412265.0,1112533.0,1280079.0,1280329.0,1283259.0,1287169.0,1375194.0,1380455.0,1390745.0,1406213.0,1398762.0,1406139.0,1402625.0,1403285.0,1404505.0,1407715.0,1408465.0,1409195.0,1410085.0,1412265.0,1412265.0,1412265.0,CommonStock
2395 研華 (上市電腦及週邊設備業),6972825.0,6975445.0,6986955.0,6990755.0,6991405.0,6999230.0,7004100.0,7008700.0,7713500.0,7719455.0,7722545.0,7726405.0,7727295.0,7738228.0,7744638.0,7758374.0,7763662.0,7778434.0,7779769.0,7784871.0,8567316.0,8577794.0,8584494.0,8604477.0,8631680.0,8634322.0,8635894.0,5652059.0,5656272.0,5669249.0,5694000.0,5714511.0,6287021.0,6301031.0,6312091.0,6315186.0,6316906.0,6318531.0,6318531.0,6318531.0,6318531.0,6326091.0,6330841.0,6332541.0,6966115.0,6970325.0,6974575.0,6982275.0,CommonStock
6166 凌華 (上市電腦及週邊設備業),2175232.0,2175232.0,2175232.0,2175205.0,2175205.0,2175205.0,2174973.0,2174973.0,2174973.0,2174973.0,2174973.0,2174973.0,2174973.0,2174973.0,2174973.0,2174973.0,2174973.0,2174973.0,2174973.0,2174973.0,2174973.0,2174973.0,2174973.0,2174973.0,2174973.0,2174973.0,2174973.0,1707094.0,1707094.0,1707809.0,1709224.0,1709874.0,1830560.0,1832905.0,1834335.0,1835425.0,2003669.0,2004829.0,2017589.0,2170749.0,2172804.0,2175579.0,2175619.0,2175679.0,2175059.0,2174827.0,2175232.0,2175232.0,CommonStock
3088 艾訊 (上櫃電腦及週邊設備業),794509.0,794180.0,797245.0,796836.0,797124.0,807160.0,864911.0,825112.0,841356.0,829105.0,849850.0,855267.0,861140.0,966153.0,959923.0,904653.0,907281.0,907184.0,923314.0,919605.0,1016028.0,1014234.0,1018744.0,1020205.0,1021225.0,1025437.0,1031454.0,773430.0,773430.0,775419.0,776540.0,781169.0,780930.0,780930.0,783603.0,793129.0,788070.0,792684.0,790310.0,790310.0,790310.0,790310.0,790310.0,790310.0,790310.0,795247.0,794634.0,798776.0,CommonStock
6579 研揚 (上市電腦及週邊設備業),1068000.0,1068000.0,1484985.0,1484985.0,1484985.0,1484985.0,1484985.0,1484985.0,1484985.0,1484985.0,1484985.0,1484985.0,1484985.0,1484985.0,1486185.0,1486555.0,1487375.0,1490825.0,1492255.0,1495665.0,1601788.0,1602418.0,1604078.0,1608908.0,1689872.0,1693692.0,1694512.0,,,,,,,,,,,,960000.0,,960000.0,960000.0,960000.0,960000.0,960000.0,1068000.0,1068000.0,1484985.0,CommonStock
6414 樺漢 (上市電腦及週邊設備業),765288.0,775077.0,775745.0,835745.0,835745.0,835745.0,835745.0,835745.0,918664.0,932720.0,932720.0,968120.0,968120.0,968120.0,1018120.0,1066920.0,1060370.0,1060370.0,1060370.0,1087651.0,1241354.0,1282162.0,1319999.0,1370270.0,1370771.0,1373946.0,,,604503.0,604503.0,604503.0,665303.0,665303.0,665303.0,686803.0,686803.0,686803.0,688757.0,697287.0,704959.0,711182.0,761527.0,763008.0,763884.0,763980.0,765276.0,773652.0,775745.0,CommonStock
電腦及週邊設備業,3833865.27,3874182.66,3840803.31,3875513.03,3857331.57,3875567.57,3842588.07,3876879.85,3867021.3,3894073.57,3796929.42,3904695.55,3871476.87,3859300.79,3730899.0,3865529.45,3776547.73,3875192.92,3756374.38,3828451.16,3778505.65,3784799.93,3786422.12,3787523.9,3794171.29,3793028.3,4192762.77,4227477.12,4010573.24,4216019.17,4023763.69,4179709.68,4027712.45,4187183.33,4015779.7,4251942.63,4044652.26,4275624.38,3928292.13,4264525.45,3969087.17,4138260.3,3897290.04,4109710.49,3953106.2,4003317.63,3975101.71,3957279.77,CommonStock
8234 新漢 (上櫃電腦及週邊設備業),16.7,16.62,17.33,17.75,17.61,17.94,18.28,18.36,17.81,18.09,18.53,18.21,18.25,17.97,18.63,19.4,19.12,23.84,24.37,25.19,22.42,23.39,22.69,22.78,21.75,21.79,22.46,16.81,16.79,14.69,15.13,15.71,15.88,16.94,17.42,17.44,15.74,16.34,16.92,17.22,16.41,16.64,17.27,16.9,16.03,16.39,17.07,16.78,NAV
6166 凌華 (上市電腦及週邊設備業),21.22,20.21,20.95,21.58,20.77,21.12,21.5,21.9,20.28,20.52,20.76,20.78,20.96,19.76,20.32,20.84,22.67,24.03,25.65,23.49,23.72,24.78,24.8,23.87,23.57,23.55,24.72,17.44,17.56,18.2,18.7,19.51,18.98,18.63,19.69,20.44,19.38,18.98,19.32,22.58,20.46,20.39,21.5,21.13,20.08,20.93,21.36,20.37,NAV
3088 艾訊 (上櫃電腦及週邊設備業),29.86,26.94,29.66,31.15,29.65,30.83,31.81,32.73,30.05,30.78,31.68,30.54,30.98,32.92,34.15,32.92,34.02,36.71,38.92,37.8,40.43,40.21,41.37,38.92,40.7,42.81,45.28,16.89,15.92,16.87,17.58,19.07,17.48,18.8,19.93,20.87,17.8,20.16,21.42,22.73,19.44,20.44,22.08,22.08,28.24,29.44,30.88,28.21,NAV
6579 研揚 (上市電腦及週邊設備業),39.22,40.04,53.13,54.63,50.95,51.39,52.53,52.13,50.83,51.85,52.8,53.11,50.2,50.82,52.95,54.12,52.96,55.59,57.92,60.28,59.78,62.2,62.41,65.55,60.69,57.72,59.6,,,,,,,,,,,,26.15,,25.87,27.14,31.46,32.0,29.42,37.88,41.78,52.79,NAV
3479 安勤 (上櫃電腦及週邊設備業),28.96,28.1,30.21,31.17,30.51,32.12,33.96,31.53,31.78,32.43,33.01,30.71,30.99,31.82,33.2,32.49,34.83,37.71,39.86,37.31,39.34,42.42,43.18,40.43,42.27,43.85,46.64,23.93,21.54,23.38,24.47,25.31,22.99,24.14,27.54,28.19,25.92,27.88,29.22,30.09,27.89,28.78,29.42,29.45,26.55,28.1,29.47,28.85,NAV
6414 樺漢 (上市電腦及週邊設備業),89.52,91.02,86.12,101.68,97.61,98.13,99.15,100.41,98.64,95.92,99.88,97.85,93.71,96.41,106.81,117.95,117.17,128.12,146.5,137.72,155.44,167.3,165.91,164.76,167.62,170.81,,,18.5,18.03,19.62,30.74,27.56,29.78,35.16,37.69,34.8,39.02,45.42,50.65,48.74,73.45,78.18,76.51,71.88,77.77,90.72,95.1,NAV
6570 維田 (上櫃電腦及週邊設備業),15.9,15.57,16.88,17.79,16.88,17.31,17.94,18.27,17.43,15.98,16.07,16.57,17.33,17.43,18.61,19.61,17.93,22.63,23.92,20.96,21.97,23.19,23.1,21.28,21.6,21.97,22.26,,,,,,,,,,12.19,,13.45,,14.29,,15.08,,14.08,14.58,16.17,15.87,NAV
6245 立端 (上櫃通信網路業),25.51,25.08,26.96,28.07,26.95,25.91,26.94,27.4,26.02,27.7,29.09,30.15,27.21,28.08,30.12,31.6,30.59,33.82,36.28,38.39,36.79,36.97,39.14,40.88,37.95,40.01,41.95,18.92,19.61,18.42,20.09,21.57,21.09,20.25,22.0,22.58,22.12,22.23,23.09,23.84,22.57,23.78,25.32,25.44,23.1,24.24,26.08,25.46,NAV
通信網路業,20.18,20.22,20.48,21.39,20.02,20.86,21.03,20.85,20.08,21.06,21.58,21.9,21.5,21.45,22.4,22.59,21.9,23.11,24.12,24.11,23.77,24.84,25.56,25.86,25.8,26.42,27.09,19.43,18.48,18.79,19.24,20.18,18.86,19.61,20.03,20.73,19.21,20.63,20.7,21.65,19.8,20.47,20.4,20.83,19.33,20.16,21.06,20.6,NAV
3416 融程電 (上市電腦及週邊設備業),29.18,27.57,29.05,29.86,28.37,29.2,29.91,30.43,28.35,29.46,30.39,31.71,29.1,30.42,31.53,32.93,30.19,32.56,34.97,34.56,35.81,39.02,39.21,37.47,38.64,40.49,42.04,25.49,24.13,25.33,26.58,27.59,25.55,26.66,27.73,28.6,25.4,26.32,27.31,28.17,25.67,26.34,26.94,27.39,24.87,25.37,29.36,28.09,NAV
電腦及週邊設備業,27.38,27.35,28.38,29.78,28.09,28.9,29.38,29.15,28.48,30.03,30.72,31.82,31.33,31.96,33.48,34.69,33.25,35.87,36.23,36.15,35.71,37.68,38.19,38.91,39.31,41.9,43.59,23.26,21.88,22.66,23.24,25.17,23.42,24.79,25.76,26.79,24.44,26.04,25.95,27.17,25.0,26.06,26.67,26.86,25.25,26.84,28.5,28.31,NAV
8050 廣積 (上櫃電腦及週邊設備業),359853.0,30195.0,96795.0,42684.0,60734.0,202651.0,-122964.0,137631.0,-280684.0,-183735.0,-45825.0,-80527.0,-266201.0,209060.0,542175.0,-221063.0,8057.0,273169.0,372489.0,50102.0,446790.0,342060.0,147926.0,151091.0,58652.0,-80550.0,10848.0,172263.0,43482.0,55564.0,132474.0,161984.0,13676.0,-41985.0,78815.0,126551.0,8778.0,191086.0,219506.0,76488.0,237470.0,106412.0,314657.0,-87082.0,42833.0,-231120.0,-114189.0,-105840.0,OperatingCashflow
6414 樺漢 (上市電腦及週邊設備業),3098112.0,-129247.0,3902944.0,137691.0,-1850768.0,2535320.0,4419402.0,-49543.0,186792.0,977525.0,4201811.0,-946361.0,-583254.0,-1231247.0,4354394.0,-3505577.0,2324661.0,-4089094.0,4530532.0,2644005.0,-1682392.0,-814236.0,7227159.0,-483863.0,3780210.0,1816878.0,,,275708.0,-73325.0,202978.0,-137106.0,-124947.0,28049.0,238883.0,490096.0,310633.0,331204.0,205915.0,210630.0,214976.0,-341488.0,585210.0,596630.0,-470033.0,-73656.0,-710028.0,466330.0,OperatingCashflow
6570 維田 (上櫃電腦及週邊設備業),19093.0,10859.0,25814.0,29076.0,17672.0,-3286.0,25870.0,28693.0,20085.0,10736.0,2748.0,-2716.0,13824.0,30478.0,24815.0,7963.0,6922.0,57880.0,143351.0,-6964.0,73093.0,49931.0,42964.0,-3981.0,73867.0,35567.0,35862.0,,,,,,,,,,3742.0,,48116.0,,22067.0,,47148.0,,-9006.0,-3271.0,9917.0,26372.0,OperatingCashflow
6245 立端 (上櫃通信網路業),375956.0,75998.0,328444.0,24219.0,66482.0,136274.0,423351.0,81062.0,-344587.0,644653.0,89117.0,-240704.0,-7782.0,-241577.0,801899.0,-455640.0,16019.0,662599.0,1235217.0,626958.0,398112.0,758584.0,471252.0,210838.0,16565.0,2347.0,273549.0,67377.0,31014.0,-53200.0,-47193.0,271797.0,-41507.0,-12433.0,255751.0,102820.0,100088.0,130423.0,-13416.0,120210.0,74802.0,235585.0,313273.0,-151292.0,-126561.0,252689.0,-169677.0,346620.0,OperatingCashflow
通信網路業,487976.48,313706.86,363604.77,381569.59,335149.32,569979.87,563788.5,333211.31,221863.98,457786.48,643012.86,238917.02,325673.52,425941.6,470147.92,237058.62,310055.1,568635.46,714770.65,367611.08,520378.14,654902.65,569323.48,566195.28,394223.26,543429.33,815853.18,211156.07,319472.58,559692.75,769964.73,170252.81,475722.35,524366.99,634286.35,283904.73,366410.51,484047.29,483973.88,345829.99,345042.62,380737.44,666970.12,295235.49,259618.67,385338.3,269507.05,433168.92,OperatingCashflow
3416 融程電 (上市電腦及週邊設備業),139566.0,80230.0,14359.0,126338.0,79777.0,142732.0,-83107.0,85284.0,11940.0,131798.0,119028.0,-54243.0,59695.0,119832.0,245028.0,-239075.0,157319.0,196305.0,214386.0,74091.0,129873.0,253404.0,187313.0,47215.0,97557.0,321374.0,198695.0,110523.0,55734.0,30655.0,78403.0,-24662.0,40205.0,-37882.0,80285.0,92870.0,25599.0,136544.0,18407.0,157776.0,-53973.0,197224.0,165525.0,-70833.0,58159.0,31159.0,-65821.0,65168.0,OperatingCashflow
電腦及週邊設備業,507508.19,-463920.48,418822.05,317354.38,545454.44,623354.73,1471524.44,408375.52,-648126.57,1197893.83,1079752.25,-127209.05,-369390.64,888616.98,241300.75,-696766.43,-300696.05,2067422.27,1792802.38,1196696.75,672056.7,1268705.97,1770250.18,356081.05,-329383.62,59587.42,1045192.57,260024.02,783334.43,461593.09,693511.54,676232.74,187918.02,245330.33,665881.82,29200.07,183412.32,190335.64,944670.88,1196339.99,75350.52,857541.78,1086808.58,3229.11,-118629.51,61709.17,91429.62,160937.04,OperatingCashflow
6680 鑫創電子 (上櫃電腦及週邊設備業),,-33841.0,-67997.0,-17774.0,12309.0,-85482.0,3472.0,-4760.0,-12653.0,27405.0,-195.0,-10502.0,-11656.0,55037.0,-20291.0,12878.0,41057.0,3208.0,-29766.0,-30804.0,72271.0,-14224.0,-86138.0,21757.0,-35480.0,-401923.0,102208.0,,,,,,,,,,,,,,,,,,,,,,InvestingCashflow
8050 廣積 (上櫃電腦及週邊設備業),-27254.0,-147251.0,38663.0,17751.0,-52644.0,-471569.0,-123705.0,-670560.0,-170251.0,201421.0,-423988.0,-169073.0,-137700.0,61433.0,586510.0,-103447.0,16647.0,-225724.0,-628303.0,-26610.0,40952.0,-487350.0,373165.0,240211.0,-2942.0,-223400.0,-156751.0,-266747.0,52437.0,-36610.0,187554.0,-6756.0,3344.0,-178975.0,-52179.0,-42664.0,62077.0,-31889.0,-170903.0,-4901.0,-224115.0,-21785.0,-395421.0,148652.0,-281676.0,191979.0,-91205.0,181061.0,InvestingCashflow
6922 宸曜 (上櫃電腦及週邊設備業),,,,,,,,,,,,,,,,,-4411.0,,-819.0,-882.0,-632.0,-17222.0,-86796.0,-11907.0,-606155.0,-49354.0,85346.0,,,,,,,,,,,,,,,,,,,,,,InvestingCashflow
3594 磐儀 (上櫃電腦及週邊設備業),-72540.0,28154.0,86650.0,-910.0,-3794.0,-96874.0,-108070.0,-51726.0,-376603.0,89125.0,-18542.0,-83969.0,10333.0,22932.0,-30987.0,-1973.0,-9182.0,-105732.0,-99436.0,-70512.0,-22620.0,-6277.0,43996.0,1551.0,105970.0,-35328.0,-71077.0,-3604.0,-3348.0,-3681.0,-11574.0,-57125.0,-9389.0,-21329.0,58.0,-5617.0,-8206.0,-9084.0,-6894.0,-43756.0,-7108.0,-75094.0,-47581.0,-2358.0,-3969.0,-212328.0,-12961.0,-14286.0,InvestingCashflow
2397 友通 (上市電腦及週邊設備業),44876.0,-185537.0,-49451.0,27731.0,78.0,-1601.0,401023.0,-11213.0,-5203.0,47737.0,-1405.0,-61731.0,-387491.0,-38193.0,-47513.0,-97387.0,-114100.0,-58822.0,-20719.0,-2504.0,-8661.0,-2724.0,368159.0,-14543.0,-9086.0,-928673.0,-200157.0,210308.0,-251.0,-5307.0,65643.0,-1891.0,-430.0,-26418.0,-98356.0,-330112.0,-24455.0,-6762.0,-13803.0,-30228.0,-383.0,-4941.0,-16179.0,-5046.0,-23139.0,2931.0,8277.0,-189334.0,InvestingCashflow
6579 研揚 (上市電腦及週邊設備業),-30374.0,-1748.0,-12308.0,-2047.0,-10540.0,136175.0,-36268.0,-14333.0,-21697.0,159892.0,-30743.0,-36462.0,-250427.0,120743.0,2203.0,-5253.0,23341.0,33844.0,-22204.0,-39395.0,798130.0,248052.0,-21344.0,-138897.0,-95904.0,332478.0,-57303.0,,,,,,,,,,,,,,-25814.0,11293.0,-16490.0,-37437.0,-28617.0,15351.0,-11125.0,44381.0,InvestingCashflow
電腦及週邊設備業,-247038.57,-200787.5,-278900.11,-137443.2,-236670.36,6480.94,-236534.16,-138224.23,-267207.19,-456062.24,-222603.9,-347797.98,-459655.41,-56070.07,-81400.89,-390532.5,-324610.88,40572.54,-128436.76,-725918.37,-239478.15,-60729.3,-418255.33,-200082.2,-441984.94,-405192.2,-573266.69,-314184.84,-234457.38,29307.0,-185803.02,-199502.44,-298699.19,1630.01,-373816.2,-87582.66,-192076.33,-245185.87,-220490.04,-226332.09,-199789.8,-177586.48,-228548.55,-381948.73,-159183.04,-400547.17,-161993.2,-20553.56,InvestingCashflow
6680 鑫創電子 (上櫃電腦及週邊設備業),,24717.0,12584.0,-1320.0,-1326.0,61418.0,9067.0,-11485.0,10012.0,-44905.0,9342.0,-10662.0,7566.0,-38236.0,33558.0,23552.0,1554.0,-46535.0,15224.0,-35110.0,-2070.0,18178.0,-50393.0,14231.0,-9174.0,434928.0,-94485.0,,,,,,,,,,,,,,,,,,,,,,FinancingCashflow
8050 廣積 (上櫃電腦及週邊設備業),-271507.0,70490.0,-225348.0,-33883.0,-39199.0,152342.0,163968.0,673653.0,443251.0,-103001.0,858469.0,323894.0,8937.0,-85881.0,-397408.0,-445104.0,72184.0,217851.0,406913.0,257211.0,301256.0,-83297.0,-343615.0,-955047.0,-315716.0,216126.0,97241.0,-38498.0,-84111.0,-55950.0,-65608.0,91436.0,-58452.0,-73178.0,121968.0,-31900.0,114628.0,-233367.0,-67070.0,-27694.0,-110169.0,-166930.0,179322.0,49746.0,131097.0,86565.0,240384.0,24441.0,FinancingCashflow
6922 宸曜 (上櫃電腦及週邊設備業),,,,,,,,,,,,,,,,,-8592.0,,33995.0,-4645.0,-2344.0,-127146.0,216612.0,-4363.0,509733.0,-101654.0,-10401.0,,,,,,,,,,,,,,,,,,,,,,FinancingCashflow
2397 友通 (上市電腦及週邊設備業),0.0,,-12909.0,-144940.0,-235666.0,-604440.0,10465.0,83038.0,-272973.0,-272774.0,-171566.0,29058.0,564529.0,269098.0,383445.0,196018.0,65593.0,-394187.0,-200232.0,-703275.0,-289811.0,-471344.0,-686720.0,-138154.0,-1954.0,1333818.0,6816.0,,,-172260.0,0.0,,,-216125.0,-53188.0,57252.0,-173.0,-295897.0,0.0,0.0,0.0,-326863.0,0.0,,,-516100.0,,-481693.0,FinancingCashflow
8234 新漢 (上櫃電腦及週邊設備業),-11726.0,-92763.0,158929.0,221480.0,-87176.0,-206685.0,106901.0,-177591.0,-161413.0,169977.0,-525418.0,28276.0,104453.0,114568.0,274211.0,290529.0,-130127.0,-161266.0,-199045.0,-404030.0,-205052.0,-205525.0,-524645.0,-347865.0,-42336.0,-37926.0,-34269.0,-86933.0,990339.0,-32349.0,-43530.0,-82264.0,9855.0,-106315.0,92745.0,-9109.0,27321.0,-204369.0,-55691.0,53373.0,-65299.0,53239.0,233898.0,58315.0,-16959.0,-69094.0,81984.0,251333.0,FinancingCashflow
2395 研華 (上市電腦及週邊設備業),-227850.0,-26608.0,82460.0,125886.0,-169133.0,-4627092.0,-57425.0,2592.0,-54684.0,-5507682.0,-154783.0,-165899.0,-73943.0,-5441256.0,117488.0,261174.0,9385.0,-5866835.0,-52349.0,170899.0,-170545.0,-7931685.0,-132766.0,169391.0,365774.0,-8131857.0,-195495.0,43575.0,-148847.0,-2805144.0,21303.0,33805.0,9468.0,-2776485.0,-176353.0,74133.0,-4605.0,-3863828.0,796289.0,-411848.0,1502.0,-3686704.0,59171.0,25443.0,-105956.0,-4080840.0,17853.0,-4425597.0,FinancingCashflow
6166 凌華 (上市電腦及週邊設備業),-79189.0,34010.0,155938.0,68270.0,9765.0,-305705.0,-177885.0,-112198.0,294805.0,-132937.0,186965.0,2186315.0,-64187.0,815289.0,914247.0,20972.0,-188287.0,-151140.0,-226242.0,65605.0,-352871.0,-135837.0,-83459.0,-184277.0,-55627.0,-314265.0,-326550.0,168014.0,-137923.0,-177893.0,-172505.0,23707.0,-96790.0,44740.0,-37326.0,47959.0,120972.0,-163014.0,462121.0,148245.0,-121872.0,-274202.0,-76347.0,24148.0,-165890.0,-359248.0,49965.0,-253298.0,FinancingCashflow
3088 艾訊 (上櫃電腦及週邊設備業),7921.0,-1599.0,-150821.0,-9767.0,-62039.0,-247064.0,33102.0,-111927.0,-6130.0,-8201.0,-336107.0,-4516.0,14292.0,-43727.0,183978.0,20174.0,32577.0,-11155.0,-104962.0,82725.0,64347.0,-160703.0,-4297.0,3779.0,-70106.0,-62822.0,-386183.0,-13552.0,-8007.0,-63951.0,-80304.0,7505.0,-992.0,-183519.0,51142.0,2525.0,-11017.0,-210715.0,-75465.0,-12005.0,-1934.0,-223401.0,320377.0,12131.0,69674.0,-266709.0,-462.0,-247778.0,FinancingCashflow
6570 維田 (上櫃電腦及週邊設備業),194943.0,-1463.0,-1472.0,-24910.0,-4440.0,-53856.0,-6306.0,-6512.0,-6388.0,-19462.0,275133.0,-6802.0,-33358.0,-38412.0,-10838.0,-8437.0,145774.0,-118838.0,-6727.0,-6912.0,-6951.0,-117392.0,-7733.0,-42457.0,-103381.0,167278.0,-8064.0,,,,,,,,,,-31472.0,,22261.0,,78489.0,,-49621.0,,-76.0,-37215.0,-1457.0,-28570.0,FinancingCashflow
6245 立端 (上櫃通信網路業),-19174.0,24443.0,219521.0,-282196.0,43324.0,-175272.0,108613.0,-133506.0,119791.0,-340294.0,1001954.0,-178198.0,-330674.0,-328990.0,-1899.0,23225.0,-9307.0,-400464.0,-56924.0,1766.0,-12529.0,-12104.0,-584464.0,-12556.0,9165.0,-629638.0,-7179.0,2.0,10752.0,152465.0,89102.0,-109200.0,-101821.0,-5340.0,-38014.0,-51253.0,14886.0,-155755.0,-6069.0,89471.0,-70722.0,-184459.0,-25305.0,16547.0,-14328.0,-205084.0,-79500.0,-197094.0,FinancingCashflow
通信網路業,23763.78,312.14,-70320.99,-192336.57,-18493.52,-743141.58,22950.96,918640.88,-36105.99,-503307.31,-108617.37,-72803.26,52467.0,-593818.97,-34363.2,20800.7,-9775.4,-693785.08,-111554.2,-159355.1,-231942.14,-740339.37,-21356.28,-128938.45,-134389.04,-799247.05,-168144.77,32139.56,236940.78,-1039906.04,371010.83,22981.96,43662.49,-588580.73,-139087.61,152565.6,7607.37,-703690.89,-131222.77,-74927.24,-75089.4,-829029.37,-200818.48,-106585.43,8326.31,-839328.3,-141844.73,-788690.46,FinancingCashflow
電腦及週邊設備業,-41014.18,190126.28,-275577.12,218998.17,52439.24,-1614025.12,-235174.31,-126272.92,651803.87,-559722.24,302549.37,178762.6,52229.36,-484543.03,209008.77,80182.99,748700.49,-1825840.08,-540386.47,-617636.56,-1331382.28,-912396.39,-460445.95,-214109.86,-59561.06,547526.03,406288.78,78755.13,-393114.21,-235781.13,-134697.26,-157310.65,-94939.07,-1047369.1,741157.58,-19256.31,-358910.37,-1316144.56,-228721.13,87360.69,61693.16,-532185.15,-684091.77,932202.0,174087.26,-139761.58,903719.11,-807089.11,FinancingCashflow
2397 友通 (上市電腦及週邊設備業),1.89,3.95,2.85,3.11,3.47,2.95,1.44,1.81,1.12,1.58,1.33,1.18,1.37,1.02,3.66,0.86,1.13,1.52,1.02,0.99,0.82,0.3,0.86,0.61,0.89,1.13,1.95,1.7,2.04,1.96,1.76,2.2,2.12,2.48,2.93,2.01,2.39,3.26,2.08,3.81,3.25,2.87,3.07,1.9,2.95,3.24,3.05,3.35,ROA
8234 新漢 (上櫃電腦及週邊設備業),0.85,0.78,1.14,0.6,0.93,0.64,0.99,0.19,0.68,0.65,1.3,-0.56,0.35,1.28,1.25,1.2,1.36,7.86,0.62,1.66,0.3,1.2,-0.89,-0.31,0.05,0.12,0.87,2.12,1.54,0.28,1.34,1.76,2.27,6.07,1.28,0.05,0.93,1.6,1.72,0.91,1.22,0.72,1.77,-0.83,1.68,0.93,0.3,0.53,ROA
2395 研華 (上市電腦及週邊設備業),4.08,3.64,3.81,3.57,3.96,4.54,3.68,2.66,4.61,3.9,3.53,3.71,3.27,4.11,4.07,4.32,3.91,4.98,3.93,4.35,4.3,3.73,3.34,2.81,2.94,3.24,3.71,3.34,4.27,4.26,3.89,4.08,4.02,4.41,4.08,3.78,4.0,3.74,4.11,3.8,4.07,4.14,3.93,3.18,4.42,4.03,3.3,3.91,ROA
6579 研揚 (上市電腦及週邊設備業),2.9,5.51,0.81,2.58,1.06,0.97,2.15,-0.36,2.65,0.93,1.58,0.45,0.3,1.02,3.4,1.42,2.82,3.45,2.97,2.91,2.76,2.36,0.82,3.2,1.82,0.26,2.4,,,,,,,,,,,,,,6.9,3.79,3.6,1.9,4.73,2.66,4.7,1.5,ROA
3479 安勤 (上櫃電腦及週邊設備業),2.16,1.84,2.37,1.91,3.01,3.67,3.84,2.5,0.76,1.55,1.62,0.63,0.99,1.74,2.5,2.44,2.87,2.9,3.64,3.62,2.59,3.64,2.28,1.78,2.33,2.66,2.54,2.15,1.92,2.93,1.62,1.95,1.99,2.25,2.32,1.99,1.56,4.09,3.23,3.32,3.29,2.28,1.35,0.97,1.42,3.11,1.53,1.7,ROA
6414 樺漢 (上市電腦及週邊設備業),1.88,0.95,1.39,0.63,0.85,0.97,1.19,0.61,0.87,0.85,1.24,0.59,0.83,0.93,1.2,0.75,1.07,1.32,6.0,0.99,1.33,1.29,0.9,1.0,0.84,1.19,,,6.1,5.32,5.22,3.66,4.76,5.44,5.82,3.78,4.09,4.93,4.13,3.95,3.75,2.91,2.3,1.25,1.13,1.35,0.96,1.22,ROA
6570 維田 (上櫃電腦及週邊設備業),0.91,1.49,3.9,3.23,3.34,1.7,2.75,1.26,2.32,0.86,0.09,1.49,2.22,3.07,3.09,2.17,2.49,5.73,2.72,2.06,2.97,2.5,0.46,1.56,0.75,1.16,0.98,,,,,,,,,,2.49,,8.59,,4.24,,4.55,,2.95,2.42,1.03,1.53,ROA
6245 立端 (上櫃通信網路業),3.06,2.18,3.07,2.15,1.96,2.7,2.88,1.31,3.71,3.25,2.28,1.55,1.18,1.74,3.14,1.46,3.04,4.17,3.71,2.86,3.29,2.54,2.25,2.27,2.01,2.58,3.02,2.52,2.46,2.33,2.69,2.22,0.98,2.14,3.78,1.73,0.84,3.11,2.62,1.57,1.98,2.5,3.21,1.31,1.42,2.49,1.12,2.33,ROA
通信網路業,0.6,1.35,1.06,1.07,1.21,1.27,1.06,0.93,1.22,1.38,1.26,1.1,1.17,1.36,1.4,1.17,1.43,1.65,1.38,1.3,1.5,1.5,1.37,1.36,1.6,1.5,1.72,1.58,1.87,1.56,1.59,1.49,1.83,1.45,0.71,1.49,0.95,1.49,1.3,1.51,1.43,1.45,1.21,1.26,1.58,1.48,2.97,1.2,ROA
電腦及週邊設備業,0.85,0.8,0.67,0.58,0.77,1.08,1.01,0.5,1.33,1.51,1.36,1.3,1.69,1.62,1.59,1.09,1.03,1.62,0.99,0.74,1.16,1.52,1.11,1.24,1.56,1.52,1.25,0.98,0.9,0.41,0.88,0.73,0.93,1.13,1.09,0.88,0.78,1.11,1.01,0.82,0.86,1.06,1.0,0.68,0.79,0.9,0.68,0.91,ROA
6922 宸曜 (上櫃電腦及週邊設備業),,,,,,,,,,,,,,,,,41.09,,42.41,38.79,39.67,49.94,44.75,44.81,44.57,43.12,41.45,,,,,,,,,,,,,,,,,,,,,,GrossMargin
3594 磐儀 (上櫃電腦及週邊設備業),22.21,33.28,31.26,34.61,31.56,29.53,29.08,29.04,27.43,29.0,27.34,26.32,28.35,22.83,30.65,27.38,28.79,30.79,31.48,37.88,32.43,29.44,31.49,31.1,26.89,29.64,35.95,38.41,37.91,38.1,35.69,38.42,38.58,39.3,37.71,39.37,45.28,35.84,36.83,39.88,41.63,40.74,43.93,39.37,42.17,22.28,25.28,35.82,GrossMargin
6579 研揚 (上市電腦及週邊設備業),31.9,30.94,31.99,31.92,33.94,32.89,35.43,32.52,33.08,29.99,35.43,29.62,26.89,28.89,30.78,28.34,36.35,30.95,35.67,32.28,35.5,36.5,36.0,34.0,37.49,33.58,38.37,,,,,,,,,,,,,,30.81,30.88,38.44,30.36,32.28,30.08,29.09,31.04,GrossMargin
3479 安勤 (上櫃電腦及週邊設備業),25.47,24.68,25.09,24.36,27.78,30.85,29.17,24.24,27.67,25.13,23.74,24.3,22.78,22.39,24.52,24.15,23.98,22.56,24.83,27.6,25.48,26.63,26.4,26.22,26.54,25.22,26.05,27.89,25.38,23.33,24.01,24.92,24.03,23.76,23.85,24.99,25.65,26.72,25.31,25.3,27.46,26.66,26.12,24.01,23.83,28.1,23.27,24.2,GrossMargin
6414 樺漢 (上市電腦及週邊設備業),18.38,23.18,20.25,21.58,22.52,24.02,23.55,25.53,25.08,21.96,21.63,23.55,22.56,21.54,18.38,21.03,20.39,18.38,12.51,19.35,19.79,20.24,18.38,20.12,18.75,20.32,,,23.15,21.15,22.73,21.46,21.19,17.8,17.07,18.11,17.64,18.02,19.0,20.88,21.94,19.57,17.27,18.01,16.92,30.06,27.01,20.94,GrossMargin
電腦及週邊設備業,21.9,21.24,22.32,21.74,22.13,23.5,23.04,21.82,23.63,23.28,22.13,23.32,22.46,22.19,22.72,21.16,22.71,22.51,23.03,22.94,23.14,23.97,22.47,23.89,24.16,23.97,22.85,21.91,21.93,21.51,21.16,22.34,22.09,21.93,22.47,22.41,21.78,22.43,23.29,24.57,24.13,24.27,23.82,23.64,22.77,22.71,21.56,21.97,GrossMargin
6166 凌華 (上市電腦及週邊設備業),3.43,2.62,4.4,6.27,6.28,5.44,10.74,6.42,3.08,3.76,6.01,2.11,-0.73,-1.72,4.96,0.06,5.86,8.41,5.38,4.9,2.96,2.21,1.22,-5.93,-0.17,1.73,4.75,4.14,10.72,8.97,6.92,7.56,12.14,9.19,4.99,12.32,9.23,6.54,6.62,2.7,5.08,5.1,10.62,4.74,4.15,5.48,0.2,3.26,OperatingMargin
3479 安勤 (上櫃電腦及週邊設備業),7.93,5.46,9.32,6.36,10.58,13.08,10.35,7.94,3.84,5.52,4.46,3.68,3.11,6.28,7.13,9.21,10.16,8.6,10.99,13.05,10.94,12.5,9.09,7.81,10.06,10.14,8.81,8.75,6.24,8.03,5.61,5.61,6.73,6.46,6.66,7.46,6.52,10.8,8.41,9.41,9.91,8.63,6.21,5.2,5.55,11.27,5.68,6.41,OperatingMargin
3416 融程電 (上市電腦及週邊設備業),10.93,10.0,15.39,16.21,16.82,16.31,15.92,16.21,16.51,15.98,14.84,17.81,17.64,19.43,14.89,15.56,14.93,20.81,22.1,21.77,21.99,22.53,22.69,21.69,21.06,20.13,16.86,14.48,16.48,17.62,14.61,13.48,15.35,19.17,14.32,16.44,16.45,18.77,15.31,18.2,18.18,15.45,11.44,14.31,9.95,10.93,12.9,13.32,OperatingMargin
電腦及週邊設備業,2.75,1.53,3.25,1.48,1.39,4.54,3.8,-0.2,3.19,5.63,4.57,4.81,4.48,4.66,5.5,3.3,4.64,3.4,3.14,1.49,1.98,2.97,-0.25,1.59,2.31,2.48,-6.22,2.26,3.67,3.33,2.5,2.79,3.81,3.19,4.58,3.24,2.33,3.88,4.46,4.63,4.07,6.0,4.67,3.4,2.74,3.56,1.86,2.67,OperatingMargin
6680 鑫創電子 (上櫃電腦及週邊設備業),,17.85,13.21,15.53,16.26,16.35,6.19,14.84,13.23,10.32,1.98,7.98,7.49,7.39,10.22,10.05,13.64,16.65,11.5,6.24,13.94,15.87,5.8,6.84,11.46,10.39,26.24,,,,,,,,,,,,,,,,,,,,,,NetIncomeMargin
8050 廣積 (上櫃電腦及週邊設備業),4.44,3.56,2.57,11.74,7.07,1.31,6.43,1.53,4.9,-0.1,0.03,0.02,0.09,0.46,16.72,11.54,16.92,23.22,14.6,14.45,12.96,17.9,-3.06,18.65,11.84,5.58,6.17,9.56,7.25,11.12,9.27,11.11,10.96,9.75,12.56,12.99,5.67,16.23,12.1,14.97,15.97,13.3,10.19,7.63,7.07,13.26,4.37,22.23,NetIncomeMargin
6922 宸曜 (上櫃電腦及週邊設備業),,,,,,,,,,,,,,,,,15.65,,12.43,11.05,9.19,16.25,3.53,16.96,14.33,11.64,11.15,,,,,,,,,,,,,,,,,,,,,,NetIncomeMargin
2397 友通 (上市電腦及週邊設備業),9.56,13.06,10.43,11.19,11.44,10.31,4.41,7.04,4.61,6.3,5.13,4.84,4.06,3.08,10.42,2.84,3.82,4.89,3.12,3.3,2.64,0.91,-3.85,2.88,3.75,4.74,7.95,11.9,11.39,9.9,10.96,11.66,11.36,13.24,15.02,10.36,10.4,15.52,9.92,15.42,13.39,12.55,13.71,8.51,12.67,13.78,11.31,11.45,NetIncomeMargin
8234 新漢 (上櫃電腦及週邊設備業),2.72,2.8,3.54,2.5,3.38,2.54,3.25,0.82,2.7,2.57,4.64,-2.68,1.56,5.19,4.61,5.61,5.62,32.32,2.54,8.44,1.63,6.53,-5.25,-1.81,0.29,0.53,3.61,6.18,4.91,1.11,4.56,5.83,7.17,18.7,4.0,0.16,3.1,5.6,5.01,3.27,4.01,2.19,4.91,-3.0,5.73,2.95,1.13,1.76,NetIncomeMargin
2395 研華 (上市電腦及週邊設備業),13.81,12.61,13.27,13.19,13.66,15.0,12.63,11.36,16.68,14.98,13.53,14.66,12.78,14.75,14.46,15.93,14.64,17.06,14.75,16.99,17.65,17.04,15.01,14.18,14.4,15.05,15.69,13.08,14.42,13.94,12.4,14.19,13.03,14.54,13.5,13.73,13.29,13.1,13.87,13.07,13.71,14.15,13.23,12.05,15.1,14.26,12.05,13.86,NetIncomeMargin
3479 安勤 (上櫃電腦及週邊設備業),5.61,5.69,5.94,5.55,7.82,9.99,8.39,6.93,3.14,5.44,5.49,2.19,3.36,5.52,7.77,7.03,7.96,7.87,8.76,9.74,7.51,9.44,6.98,6.6,7.38,7.74,8.46,6.45,5.35,6.41,4.01,4.89,4.75,5.21,5.36,5.52,4.85,9.45,6.84,7.23,7.79,6.23,3.98,2.8,4.09,8.16,4.54,4.74,NetIncomeMargin
6414 樺漢 (上市電腦及週邊設備業),5.52,3.73,4.31,2.68,3.63,4.03,4.25,2.97,3.99,3.55,4.28,2.69,3.35,3.73,3.89,3.15,4.07,4.4,27.79,4.12,5.4,5.17,3.26,4.12,3.36,4.52,,,13.81,10.73,13.19,11.73,12.73,11.11,11.17,8.72,9.34,11.46,9.29,10.79,10.64,9.07,8.22,6.19,8.17,4.65,4.24,4.25,NetIncomeMargin
6245 立端 (上櫃通信網路業),8.12,6.19,7.92,6.4,6.48,8.04,7.97,5.06,12.37,8.89,7.46,6.48,5.23,6.08,10.15,6.17,9.91,13.3,10.27,11.56,13.15,12.98,9.66,12.58,11.28,11.25,12.68,8.26,7.52,7.07,7.72,7.23,3.01,6.45,9.95,5.43,2.44,9.1,6.84,4.84,5.52,7.61,8.54,4.32,4.2,7.16,3.68,6.96,NetIncomeMargin
通信網路業,9.04,35.37,-48.98,-44.39,-3.03,-6.33,-7.83,-27.12,-4.18,-11.84,-0.48,-5.84,-20.33,-8.76,50.05,-4.6,1.49,2.46,-1.89,0.13,-0.7,-3.1,-16.06,-11.89,-3.86,-5.1,-1.01,2.36,4.73,2.83,1.82,2.62,3.57,4.06,3.08,-4.75,-29.48,43.29,-5.92,0.48,-6.5,-400.0,-9.91,-24.62,17.16,24.58,-17.37,-106.27,NetIncomeMargin
3416 融程電 (上市電腦及週邊設備業),11.24,11.94,16.31,14.3,15.45,14.67,13.41,15.0,15.51,13.69,12.29,14.0,15.73,16.41,11.98,14.69,15.36,21.31,15.71,17.6,21.72,23.34,14.5,18.99,18.06,20.31,15.14,15.33,15.41,14.29,14.61,13.86,13.62,18.37,15.24,13.55,12.53,17.19,13.19,14.32,16.59,12.35,11.57,8.62,8.78,9.17,11.14,12.66,NetIncomeMargin
電腦及週邊設備業,2.78,3.25,2.98,2.02,1.76,4.45,1.97,-1.67,4.27,4.53,3.02,4.39,4.58,4.71,6.22,4.23,4.77,7.56,-0.7,1.21,3.83,4.4,-3.7,5.08,7.62,2.26,-13.73,3.53,4.89,2.44,2.85,3.46,1.92,5.65,5.51,2.55,1.31,5.78,3.59,3.12,3.19,3.91,6.58,0.0,3.44,8.13,1.6,2.89,NetIncomeMargin
6680 鑫創電子 (上櫃電腦及週邊設備業),,14.34,8.59,5.94,5.04,5.37,1.32,3.49,4.01,2.75,0.54,1.58,1.83,2.28,3.41,2.38,4.32,6.82,4.64,1.72,5.28,6.87,2.14,1.58,4.47,4.04,8.53,,,,,,,,,,,,,,,,,,,,,,ROE
3088 艾訊 (上櫃電腦及週邊設備業),1.85,4.79,5.04,4.81,7.03,4.2,2.85,2.55,4.28,2.43,2.62,4.6,1.78,4.96,3.02,4.42,2.66,6.04,5.69,3.52,6.14,5.82,3.76,3.62,3.98,5.29,5.1,5.29,5.81,6.13,4.13,7.43,6.66,7.12,4.87,5.63,5.06,10.08,6.74,6.17,4.67,5.87,5.18,1.7,38.03,4.0,3.44,4.46,ROE
6579 研揚 (上市電腦及週邊設備業),3.61,7.22,0.96,3.03,1.29,1.19,2.52,-0.42,3.19,1.11,1.81,0.52,0.36,1.27,4.13,1.75,3.58,4.39,3.66,3.53,3.43,2.93,0.98,3.84,2.3,0.33,2.87,,,,,,,,,,,,,,10.23,5.7,5.31,2.6,6.67,3.57,5.8,1.9,ROE
3479 安勤 (上櫃電腦及週邊設備業),3.3,2.97,3.66,2.88,4.81,6.24,6.42,4.17,1.26,2.38,2.32,0.94,1.59,2.91,4.32,4.5,5.58,5.58,6.59,6.57,4.82,6.45,3.8,3.0,4.15,4.75,4.47,3.69,3.51,5.29,2.44,2.69,3.0,3.63,3.36,2.67,2.17,5.82,4.54,4.67,4.94,3.55,2.01,1.4,2.19,4.96,2.38,2.76,ROE
6414 樺漢 (上市電腦及週邊設備業),5.22,2.63,4.0,1.74,2.4,2.99,3.76,1.9,2.65,2.63,3.8,1.8,2.57,2.99,3.88,2.34,3.25,4.12,17.76,2.75,3.53,3.25,2.26,2.62,2.34,3.29,,,10.69,8.86,8.12,5.03,6.27,7.52,8.39,5.64,6.69,8.67,7.25,7.14,7.59,5.51,4.21,2.84,3.2,3.97,2.57,3.5,ROE
6570 維田 (上櫃電腦及週邊設備業),1.27,2.33,6.04,4.97,5.33,2.78,4.27,1.9,3.63,1.38,0.16,3.2,4.7,6.43,6.36,4.34,5.54,11.67,4.5,3.42,5.15,3.98,0.67,2.39,1.24,1.97,1.65,,,,,,,,,,3.61,,11.98,,5.92,,6.07,,3.92,3.25,1.57,2.42,ROE
6245 立端 (上櫃通信網路業),5.45,3.77,5.75,3.77,3.36,4.71,4.98,2.24,6.38,5.75,4.34,3.05,2.43,3.82,6.85,3.07,6.31,8.89,7.79,5.77,6.53,5.17,4.04,3.59,3.22,4.05,4.45,4.95,4.94,4.96,5.61,4.19,1.76,3.88,6.95,3.09,1.51,5.74,4.84,2.85,3.71,4.59,5.58,2.2,2.4,4.49,1.88,4.38,ROE
通信網路業,0.94,2.1,1.63,1.64,1.93,2.07,1.67,1.47,2.07,2.41,2.17,1.87,2.06,2.46,2.48,2.05,2.62,3.08,2.51,2.33,2.72,2.73,2.42,2.36,2.86,2.7,3.01,2.39,2.99,2.53,2.49,2.33,2.96,2.39,1.13,2.33,1.54,2.45,2.07,2.35,2.3,2.37,1.91,1.93,2.5,2.38,4.51,1.91,ROE
3416 融程電 (上市電腦及週邊設備業),2.39,2.29,3.38,2.7,3.28,2.91,2.55,2.41,2.72,3.64,3.22,3.64,4.36,5.2,3.32,3.69,4.07,7.14,4.49,4.35,5.68,5.53,2.89,4.42,4.43,5.03,3.83,4.59,4.67,5.02,4.34,3.34,3.78,5.15,3.85,3.05,2.82,3.54,3.68,2.92,3.42,2.45,2.61,1.85,1.86,2.09,2.05,2.24,ROE
電腦及週邊設備業,2.36,2.15,1.92,1.57,2.1,3.04,2.75,1.33,3.68,4.34,3.9,3.67,4.83,4.75,4.73,3.24,3.12,4.85,2.79,2.01,3.08,3.96,2.82,3.1,3.99,3.95,3.26,2.6,2.43,1.12,2.45,1.96,2.47,3.1,2.97,2.28,2.0,2.93,2.6,1.99,2.08,2.72,2.6,1.72,2.04,2.49,1.79,2.62,ROE
6680 鑫創電子 (上櫃電腦及週邊設備業),30.4,37.46,37.1,38.02,42.58,26.09,23.66,34.78,37.21,27.52,29.33,37.81,37.36,32.71,36.27,43.41,43.12,40.8,36.42,39.88,40.92,39.31,32.48,37.49,58.54,66.88,61.91,,,,,,,,,,,,,,,,,,,,,,DebtRatio
8050 廣積 (上櫃電腦及週邊設備業),28.59,41.75,24.02,24.86,29.1,29.86,31.4,43.03,41.65,36.79,41.09,45.52,45.42,46.65,44.87,46.67,46.09,40.88,40.31,38.24,43.8,37.76,36.42,29.65,34.54,34.81,35.39,29.78,31.91,28.72,25.67,21.93,32.55,35.57,35.4,26.62,32.45,30.47,27.42,27.4,33.79,29.29,26.7,25.53,40.24,35.77,31.07,26.93,DebtRatio
2397 友通 (上市電腦及週邊設備業),25.4,41.1,31.88,30.98,39.92,30.72,38.59,37.79,42.99,38.47,37.73,39.5,50.6,56.14,55.3,59.85,58.04,57.18,55.69,55.98,53.39,51.81,45.25,47.5,48.23,54.98,52.69,15.61,23.33,14.92,16.72,16.63,20.52,15.88,17.8,18.84,26.7,16.13,18.5,21.97,29.74,20.71,21.64,21.42,33.93,25.4,27.21,29.72,DebtRatio
6166 凌華 (上市電腦及週邊設備業),40.69,47.76,44.82,45.68,46.56,44.22,44.4,44.13,48.21,46.81,48.34,59.04,60.75,66.14,66.46,65.96,64.14,63.2,58.28,63.23,61.42,58.99,58.23,58.38,58.32,57.52,57.25,43.18,46.63,44.72,40.18,42.35,48.76,46.63,43.55,46.72,51.97,47.72,48.6,39.2,45.15,42.88,41.93,43.76,49.44,47.35,41.84,44.75,DebtRatio
6245 立端 (上櫃通信網路業),43.7,46.84,46.43,38.97,44.02,41.35,42.95,40.53,43.04,43.69,50.68,47.3,55.76,53.06,55.24,49.14,54.44,51.88,52.7,48.02,51.02,50.85,37.75,35.39,40.03,32.2,31.88,49.08,51.24,54.63,49.48,44.62,44.1,45.61,45.53,42.57,46.09,45.69,46.28,43.51,49.27,41.54,43.37,36.85,44.95,44.14,37.13,46.67,DebtRatio
通信網路業,36.12,38.66,34.8,34.44,39.86,37.28,35.59,38.63,43.36,41.97,41.81,40.75,45.39,43.89,43.22,42.87,47.28,45.63,45.0,43.14,46.13,44.0,42.76,42.16,45.86,42.67,42.52,33.9,40.8,35.81,36.68,35.05,41.06,37.38,36.54,35.69,41.11,37.52,36.79,34.93,40.62,36.98,36.36,33.7,39.92,35.57,32.39,35.56,DebtRatio
3416 融程電 (上市電腦及週邊設備業),14.82,22.68,16.2,16.01,24.35,20.05,13.12,13.8,23.76,18.52,20.36,30.05,38.59,32.39,35.2,31.15,39.42,32.81,32.56,31.81,29.55,20.32,20.99,36.37,35.18,26.21,28.92,24.53,31.87,16.83,16.39,15.57,24.88,13.0,14.52,13.48,24.51,13.22,13.83,12.05,22.92,13.55,15.94,13.53,23.25,14.68,11.92,14.87,DebtRatio
電腦及週邊設備業,63.05,64.61,64.21,61.82,64.48,64.19,62.61,62.26,65.4,64.99,65.25,64.15,65.69,66.33,66.31,66.36,67.4,65.57,63.11,62.92,61.74,61.5,59.48,60.49,61.29,61.55,61.61,62.25,63.45,64.19,64.26,61.05,63.74,63.48,63.04,59.87,61.99,62.52,59.95,57.25,60.36,61.72,61.1,59.49,63.21,64.59,61.16,65.71,DebtRatio
6680 鑫創電子 (上櫃電腦及週邊設備業),653.89,768.97,341.98,360.34,319.83,439.18,445.7,418.51,426.19,440.43,463.26,433.94,439.39,448.84,473.87,451.92,467.02,486.64,508.37,477.08,515.21,570.72,552.56,538.57,901.32,269.91,266.16,,,,,,,,,,,,,,,,,,,,,,LongTermLiabilitiesRatio
8050 廣積 (上櫃電腦及週邊設備業),314.57,287.9,527.47,550.33,522.95,387.36,342.03,307.47,330.81,342.01,393.2,366.16,335.33,384.86,337.19,304.2,303.18,321.03,277.22,291.72,292.76,316.2,286.44,271.28,248.9,277.69,276.18,222.68,211.5,228.87,239.23,259.67,213.34,208.39,222.64,281.09,263.37,265.05,275.59,279.1,261.06,284.31,324.95,305.95,262.44,309.52,316.38,521.79,LongTermLiabilitiesRatio
3594 磐儀 (上櫃電腦及週邊設備業),1238.69,1111.49,1002.1,1053.32,1048.66,1112.8,1044.3,1221.89,1413.89,1464.01,1460.34,1540.74,410.55,400.44,399.53,421.75,420.25,451.91,458.06,466.94,454.25,462.16,456.9,455.55,463.36,467.5,499.61,373.37,428.56,439.33,467.43,379.05,388.15,383.24,551.23,555.26,641.29,630.02,530.53,526.55,704.85,690.87,838.15,757.87,797.99,1270.18,1067.55,1015.74,LongTermLiabilitiesRatio
2397 友通 (上市電腦及週邊設備業),541.14,401.0,345.56,299.86,260.36,275.26,297.97,306.68,277.94,271.23,277.89,286.67,329.87,260.35,315.09,278.6,291.16,321.72,284.76,282.49,282.1,277.65,242.94,249.43,254.15,318.17,354.66,1921.89,1849.18,1884.67,1922.9,1999.65,1938.8,2000.46,2067.6,2196.9,515.86,546.53,552.03,553.06,530.97,548.19,551.96,566.3,503.8,533.23,571.57,339.04,LongTermLiabilitiesRatio
8234 新漢 (上櫃電腦及週邊設備業),177.9,176.08,161.7,196.12,184.06,178.69,186.15,189.08,187.15,189.98,201.38,198.27,214.99,213.96,221.97,231.85,232.17,287.66,286.69,297.17,270.72,281.53,269.26,271.74,260.02,252.56,256.06,844.98,175.15,171.62,174.14,179.11,178.48,186.36,190.37,190.89,175.25,180.31,183.72,186.03,178.23,180.52,186.13,182.25,173.08,175.22,181.43,168.08,LongTermLiabilitiesRatio
2395 研華 (上市電腦及週邊設備業),297.54,288.99,324.96,347.98,322.3,345.28,364.47,325.31,345.02,365.96,384.22,356.59,369.2,386.46,403.29,367.3,391.87,419.8,433.94,400.58,423.12,445.59,468.21,419.76,442.34,452.67,458.77,301.03,258.74,249.12,254.37,268.92,238.87,244.18,266.88,268.99,239.4,247.62,258.3,271.16,240.3,254.88,268.62,281.75,263.76,279.63,315.39,308.73,LongTermLiabilitiesRatio
6166 凌華 (上市電腦及週邊設備業),530.35,502.54,581.56,619.08,615.27,659.75,454.61,473.78,449.35,430.18,426.74,164.79,160.98,155.85,171.4,186.14,203.27,205.81,218.34,202.12,200.76,202.73,202.82,193.64,188.59,186.56,195.28,303.78,295.93,306.11,315.43,330.34,325.06,326.5,335.71,352.08,324.92,347.31,346.77,440.75,407.77,434.25,481.89,497.44,478.33,506.5,547.77,552.21,LongTermLiabilitiesRatio
6245 立端 (上櫃通信網路業),288.44,298.32,320.48,341.19,263.89,275.59,285.35,289.77,277.55,300.48,389.31,400.48,357.95,366.89,392.85,408.32,404.5,429.88,363.59,390.73,393.13,413.06,502.53,527.85,488.97,517.33,534.31,211.3,217.91,174.45,197.47,202.99,199.27,207.58,198.74,205.98,203.97,213.49,213.95,225.41,215.19,236.89,262.9,270.32,255.1,269.18,305.18,306.12,LongTermLiabilitiesRatio
通信網路業,191.82,198.82,203.09,216.91,205.54,210.26,219.31,229.9,224.72,226.48,231.1,229.83,220.17,224.62,230.22,234.63,224.55,229.67,232.13,234.64,226.54,232.05,239.78,242.32,229.61,237.27,238.67,176.27,166.79,171.13,176.74,184.18,176.48,180.87,184.91,190.24,180.37,185.17,192.71,198.66,188.47,193.59,195.46,198.33,186.31,191.06,207.38,201.78,LongTermLiabilitiesRatio
電腦及週邊設備業,377.03,366.61,371.06,384.75,377.31,385.31,395.41,385.4,386.91,387.68,429.24,444.49,433.21,439.59,456.07,442.39,424.03,436.34,439.57,422.09,429.76,451.18,467.01,455.25,456.45,490.42,492.54,329.32,318.81,333.87,345.85,361.62,352.11,363.44,369.27,380.37,363.65,369.5,386.85,382.45,368.3,382.64,386.24,397.04,372.62,372.25,383.52,367.31,LongTermLiabilitiesRatio
2397 友通 (上市電腦及週邊設備業),339.06,201.99,246.26,277.33,184.46,238.37,198.67,204.96,177.52,194.23,200.1,195.26,153.6,134.36,184.81,144.83,152.81,168.11,166.23,160.65,164.25,162.54,188.01,173.32,170.66,148.96,169.65,687.03,429.62,730.4,642.79,636.35,499.34,677.05,582.48,493.62,330.67,597.63,495.38,396.02,288.13,420.63,403.14,409.67,251.66,340.41,320.54,262.38,CurrentRatio
8234 新漢 (上櫃電腦及週邊設備業),124.34,118.19,112.67,116.29,111.93,109.74,112.39,114.9,113.41,115.79,118.66,117.85,114.8,113.34,115.1,118.39,118.72,132.91,133.24,144.76,140.96,146.87,147.88,156.73,146.78,147.56,142.62,176.95,146.89,142.55,141.08,141.14,146.12,159.79,157.67,155.72,135.87,144.42,144.2,146.06,135.72,131.09,132.97,130.92,122.65,122.72,124.42,113.03,CurrentRatio
2395 研華 (上市電腦及週邊設備業),210.02,158.92,208.84,214.31,165.9,217.29,233.93,164.64,175.68,238.59,250.39,176.46,176.2,217.45,222.29,176.36,179.17,222.36,225.9,173.55,192.06,248.67,258.23,182.98,199.88,275.88,271.04,252.1,180.6,214.67,210.11,228.84,168.18,210.17,229.06,244.24,172.15,220.14,195.68,207.51,152.96,191.99,185.23,217.8,164.06,201.5,216.57,197.45,CurrentRatio
6166 凌華 (上市電腦及週邊設備業),182.69,159.55,181.76,175.71,168.91,179.28,174.25,178.12,164.98,156.48,164.89,139.15,127.07,114.97,128.05,140.17,159.19,159.8,184.92,155.26,159.85,167.19,168.33,160.18,154.58,154.02,160.2,180.94,161.95,165.52,180.61,168.91,150.44,158.6,168.48,164.03,147.43,159.94,145.52,182.26,159.04,170.66,185.33,175.5,156.21,161.52,178.58,179.13,CurrentRatio
6579 研揚 (上市電腦及週邊設備業),473.37,323.06,412.77,392.23,260.68,348.59,389.68,386.83,292.02,421.85,440.32,404.59,270.63,332.34,338.45,325.79,275.42,323.31,356.62,380.14,290.83,395.07,435.18,397.26,260.23,382.85,444.66,,,,,,,,,,,,317.76,,221.86,268.84,299.19,341.99,273.69,509.05,554.22,386.09,CurrentRatio
3479 安勤 (上櫃電腦及週邊設備業),256.19,212.0,258.16,238.67,202.14,194.94,213.71,193.09,210.81,257.09,276.97,213.79,199.64,189.06,186.19,165.9,168.65,174.73,196.15,171.58,183.14,198.19,216.38,249.94,244.58,237.43,203.64,171.16,144.89,175.35,273.42,241.88,180.71,180.02,301.98,298.55,246.73,264.36,271.34,267.23,207.31,254.77,287.25,280.07,214.86,230.56,218.4,209.57,CurrentRatio
6414 樺漢 (上市電腦及週邊設備業),172.84,105.74,106.58,137.5,143.62,138.71,133.56,141.82,136.25,132.4,136.13,124.66,122.0,122.88,140.3,143.95,140.18,134.35,149.46,137.54,138.73,148.72,142.79,144.26,144.94,147.34,,,228.44,265.42,285.74,443.2,378.87,331.51,242.07,256.52,245.78,233.33,216.43,139.55,173.94,238.03,142.64,273.75,142.17,157.1,160.93,105.68,CurrentRatio
6570 維田 (上櫃電腦及週邊設備業),456.72,346.93,383.0,347.13,270.84,306.52,384.6,365.24,263.9,266.89,255.2,219.84,240.96,226.48,245.97,244.62,249.1,279.34,316.46,216.67,225.2,353.95,367.26,236.16,150.39,291.43,309.67,,,,,,,,,,308.06,,354.84,,308.43,,495.47,,317.01,463.48,447.18,403.44,CurrentRatio
6245 立端 (上櫃通信網路業),191.92,181.07,176.36,206.96,185.92,200.62,197.3,209.67,196.8,198.76,236.04,264.39,205.81,223.02,207.4,249.89,210.15,222.3,171.54,189.2,183.96,184.03,257.87,276.02,240.33,307.91,309.61,185.69,172.42,152.39,188.18,200.79,201.78,194.59,166.63,177.77,160.94,166.81,168.34,179.88,160.51,191.59,188.9,222.47,180.87,186.47,227.61,181.86,CurrentRatio
通信網路業,135.12,134.91,150.59,157.59,133.58,143.14,156.99,131.71,122.55,128.35,138.54,138.29,123.96,129.47,139.17,143.75,127.87,135.92,141.86,147.36,134.46,143.35,148.3,146.36,127.9,141.35,145.12,152.79,131.0,144.54,126.97,136.31,122.62,132.47,138.28,144.47,127.31,136.13,144.39,152.29,130.76,141.15,146.78,154.84,128.84,140.27,153.37,145.23,CurrentRatio
電腦及週邊設備業,134.59,132.6,134.44,138.76,134.1,134.6,137.69,137.91,131.32,131.22,135.25,135.86,132.74,133.01,133.83,132.52,130.63,135.03,138.59,136.42,138.66,140.65,145.14,141.72,140.37,145.01,145.31,136.98,134.14,135.22,137.04,140.15,133.54,134.93,134.76,140.55,135.01,134.98,142.35,146.32,138.61,137.35,139.08,143.47,134.1,131.93,138.44,130.58,CurrentRatio
3594 磐儀 (上櫃電腦及週邊設備業),157.82,166.73,116.72,109.24,105.46,116.12,111.61,132.51,115.32,126.02,128.95,138.2,138.86,124.03,135.75,159.36,155.82,164.33,159.51,160.4,157.54,177.16,179.44,187.23,217.32,203.97,104.72,117.07,131.83,136.37,147.6,132.22,135.34,119.45,227.5,195.29,236.0,206.16,138.32,127.99,126.39,120.75,153.57,131.39,132.87,147.03,148.52,121.88,QuickRatio
6579 研揚 (上市電腦及週邊設備業),381.02,270.26,336.12,324.64,217.02,279.74,309.07,309.98,233.02,327.29,358.26,323.8,202.53,222.14,232.69,213.64,169.74,187.84,225.22,258.42,216.06,301.3,341.14,323.87,216.04,301.28,358.82,,,,,,,,,,,,203.68,,152.84,180.37,216.04,239.38,204.39,406.46,448.93,312.73,QuickRatio
3479 安勤 (上櫃電腦及週邊設備業),162.74,133.42,165.22,156.91,134.6,132.0,148.57,136.18,135.08,155.18,173.45,127.93,118.56,107.79,92.65,85.21,86.7,96.66,108.25,105.03,117.87,136.21,152.81,187.84,189.25,179.72,154.15,120.01,91.81,110.18,173.01,151.69,117.42,114.23,221.5,215.89,173.2,185.23,186.19,178.14,142.71,172.3,188.6,168.96,128.86,143.39,141.66,130.7,QuickRatio
6414 樺漢 (上市電腦及週邊設備業),140.12,81.16,81.85,103.16,111.59,108.03,106.17,109.26,104.67,101.12,105.75,95.12,91.08,89.17,106.55,103.42,95.91,90.93,111.29,99.46,99.61,107.3,107.36,100.17,99.91,99.02,,,212.2,235.73,249.38,379.69,302.47,273.85,181.72,199.37,195.12,185.72,170.54,105.52,131.7,184.4,110.46,235.32,109.01,118.28,128.0,77.67,QuickRatio
6570 維田 (上櫃電腦及週邊設備業),347.86,272.85,301.16,267.1,212.01,221.68,290.61,272.66,193.05,180.43,183.43,146.76,152.4,128.58,148.78,134.23,158.93,172.07,208.8,137.21,160.44,248.83,264.6,167.52,104.9,197.98,223.31,,,,,,,,,,191.37,,245.38,,231.92,,388.96,,238.2,335.56,337.17,302.28,QuickRatio
3416 融程電 (上市電腦及週邊設備業),446.93,298.48,419.59,433.51,291.11,247.01,381.25,359.1,202.64,242.69,230.57,364.42,229.59,289.7,232.41,150.18,116.28,137.02,147.17,148.85,166.92,240.13,227.79,198.48,205.52,314.22,251.07,191.59,153.2,276.72,306.98,321.59,204.34,420.3,403.68,442.58,246.75,427.21,432.09,497.95,268.08,413.16,358.81,416.53,240.89,366.08,560.35,439.11,QuickRatio
電腦及週邊設備業,97.57,95.37,95.16,96.37,96.69,94.48,101.61,95.19,93.89,92.4,97.82,94.09,89.41,86.22,89.27,80.84,79.51,84.35,90.6,91.49,95.55,98.77,103.72,97.83,96.02,100.17,99.64,101.28,99.37,99.4,104.65,106.62,100.35,97.23,101.21,102.87,97.94,94.7,104.15,107.31,103.21,100.94,103.86,104.69,97.57,93.48,99.74,88.91,QuickRatio
6680 鑫創電子 (上櫃電腦及週邊設備業),,198.28,108.37,80.28,62.35,91.66,32.37,94.08,84.9,67.11,14.42,39.44,33.87,49.82,73.63,33.84,55.56,79.0,51.43,15.17,63.69,76.31,30.06,22.81,92.17,11.34,18.13,,,,,,,,,,,,,,,,,,,,,,InterestCoverage
8050 廣積 (上櫃電腦及週邊設備業),21.57,15.52,11.33,29.29,15.22,4.83,12.66,4.43,6.28,0.43,1.61,0.65,1.21,3.84,24.76,21.13,29.9,44.75,16.4,17.72,14.55,18.66,-0.99,15.63,16.25,7.39,7.17,40.89,37.88,72.19,109.87,241.2,1165.36,181.04,58.96,83.46,83.94,121.34,62.24,117.53,188.86,122.79,108.88,88.06,77.78,88.16,16.88,73.6,InterestCoverage
6922 宸曜 (上櫃電腦及週邊設備業),,,,,,,,,,,,,,,,,535.98,,542.58,163.03,118.67,176.82,43.79,282.01,269.89,20.94,24.04,,,,,,,,,,,,,,,,,,,,,,InterestCoverage
3594 磐儀 (上櫃電腦及週邊設備業),-15.94,10.18,4.51,5.04,7.04,2.25,-0.77,-5.41,4.18,5.6,1.98,-1.35,2.99,1.1,6.77,4.91,7.02,17.88,12.61,7.98,12.13,8.73,1.89,5.66,9.78,3.65,23.23,10.23,57.13,30.06,36.62,16.13,25.14,12.03,22.74,-6.89,9.6,1.79,17.34,2.79,2.11,-5.9,18.67,-22.02,15.23,58.77,-16.74,5.41,InterestCoverage
電腦及週邊設備業,9.67,7.92,8.04,5.36,6.96,10.15,10.52,7.1,21.35,29.91,27.62,28.27,39.06,40.38,35.21,24.37,15.74,14.29,6.39,5.44,8.24,10.44,7.89,9.61,11.43,11.11,9.88,12.51,11.92,7.65,11.2,8.79,11.49,13.21,13.87,12.98,12.9,18.14,17.79,15.25,15.59,17.96,17.05,11.12,11.9,11.1,7.28,8.71,InterestCoverage
8234 新漢 (上櫃電腦及週邊設備業),71.43,69.23,71.43,84.91,68.18,76.92,66.67,89.11,76.27,76.92,73.17,101.12,77.59,69.77,69.23,84.91,72.58,81.08,83.33,93.75,90.0,87.38,82.57,68.18,68.18,62.94,69.77,73.77,69.23,72.58,63.83,64.29,59.6,61.22,63.83,67.67,61.64,65.69,58.44,69.77,60.0,60.4,62.94,79.65,69.77,70.87,76.27,69.77,AccountsReceivableTurnoverDay
2395 研華 (上市電腦及週邊設備業),58.82,57.32,60.81,62.5,57.69,58.44,61.22,67.16,56.6,63.38,61.64,60.81,60.4,59.6,59.21,59.21,61.22,59.6,62.5,58.06,58.44,61.64,56.6,59.21,55.56,55.56,53.57,60.4,54.88,57.69,57.69,62.5,58.44,61.64,59.6,58.44,53.57,61.22,59.21,56.6,56.25,59.6,58.44,63.38,56.6,60.81,62.07,60.81,AccountsReceivableTurnoverDay
6166 凌華 (上市電腦及週邊設備業),58.06,60.0,52.94,68.7,69.23,68.18,59.21,63.83,66.18,65.22,61.64,80.36,71.43,75.0,64.29,80.36,73.77,68.18,61.22,64.75,60.0,66.67,67.67,93.75,67.16,69.23,62.07,70.31,63.83,76.92,75.0,67.67,59.21,72.0,68.18,63.83,58.06,63.38,67.16,62.94,59.6,62.07,53.25,69.77,54.22,53.89,69.23,61.64,AccountsReceivableTurnoverDay
3479 安勤 (上櫃電腦及週邊設備業),47.87,50.85,48.91,58.44,47.87,49.18,41.28,51.43,65.22,51.72,50.56,51.14,49.45,46.63,53.25,55.9,53.57,54.88,51.72,57.69,57.32,53.57,73.17,78.95,60.4,62.5,71.43,43.69,39.65,31.69,37.19,38.63,39.47,43.06,43.27,44.55,44.33,38.96,42.06,45.45,47.87,42.06,42.06,45.23,44.78,45.92,49.45,48.39,AccountsReceivableTurnoverDay
電腦及週邊設備業,51.4,57.1,54.52,65.71,59.23,60.01,56.77,70.7,54.01,58.39,54.29,66.84,62.1,59.65,55.78,68.4,66.25,59.45,60.89,64.77,65.18,66.03,63.98,64.9,63.68,63.97,67.28,59.34,58.75,64.86,64.91,62.82,58.0,56.96,53.88,62.44,58.4,56.06,52.28,58.43,53.6,52.21,51.51,58.22,51.97,52.77,59.07,56.57,AccountsReceivableTurnoverDay
6922 宸曜 (上櫃電腦及週邊設備業),,,,,,,,,,,,,,,,,1.0,,1.19,0.62,0.6,0.54,0.65,0.77,0.65,0.54,0.61,,,,,,,,,,,,,,,,,,,,,,InventoryTurnover
3594 磐儀 (上櫃電腦及週邊設備業),0.65,0.5,0.45,0.36,0.44,0.5,0.6,0.39,0.57,0.46,0.52,0.39,0.48,0.43,0.47,0.36,0.44,0.45,0.58,0.34,0.43,0.44,0.58,0.36,0.52,0.48,0.34,0.46,0.61,0.55,0.64,0.51,0.61,0.46,0.61,0.35,0.37,0.34,0.53,0.4,0.36,0.32,0.46,0.29,0.35,0.48,0.43,0.45,InventoryTurnover
2397 友通 (上市電腦及週邊設備業),0.87,1.14,0.97,1.0,1.14,1.11,1.24,0.92,0.92,0.9,1.0,0.97,1.15,0.99,1.03,0.82,0.76,0.79,0.87,0.81,0.89,1.02,-0.97,0.76,0.92,0.97,1.01,0.85,1.02,1.12,0.82,0.91,0.84,0.86,0.92,0.94,1.13,1.02,1.18,1.47,1.7,1.62,1.68,1.72,1.88,1.5,1.01,1.13,InventoryTurnover
6166 凌華 (上市電腦及週邊設備業),0.71,0.66,0.7,0.62,0.6,0.58,0.76,0.74,0.61,0.62,0.81,0.63,0.58,0.45,0.52,0.44,0.4,0.44,0.52,0.45,0.46,0.43,0.54,0.4,0.53,0.53,0.73,0.67,0.89,0.81,0.78,0.75,0.9,0.72,0.76,0.71,0.75,0.73,0.69,0.64,0.75,0.71,0.88,0.74,0.75,0.7,0.6,0.56,InventoryTurnover
6579 研揚 (上市電腦及週邊設備業),0.98,1.07,1.05,1.13,1.21,1.13,1.12,1.02,1.14,1.06,1.01,1.03,0.98,0.83,0.98,0.81,0.64,0.62,0.65,0.66,0.71,0.74,0.82,0.82,0.87,0.83,0.77,,,,,,,,,,,,,,2.19,1.13,0.84,0.88,0.99,1.03,1.01,1.22,InventoryTurnover
3479 安勤 (上櫃電腦及週邊設備業),1.29,1.09,1.3,1.18,1.28,1.16,1.52,1.35,0.8,0.86,0.9,0.87,0.85,0.86,0.77,0.81,0.82,0.84,0.93,0.86,0.92,1.12,1.05,1.0,1.31,1.51,1.38,1.42,1.39,1.6,1.47,1.5,1.55,1.57,1.73,1.55,1.28,1.6,1.76,1.62,1.44,1.36,1.29,1.21,1.12,1.18,1.19,1.17,InventoryTurnover
6414 樺漢 (上市電腦及週邊設備業),2.1,1.4,1.63,1.22,1.24,1.33,1.62,1.13,1.13,1.28,1.59,1.17,1.25,1.18,1.52,1.1,1.06,1.15,0.94,1.02,1.0,1.02,1.23,1.03,1.0,1.0,,,4.9,4.38,2.61,1.82,1.74,2.22,2.38,2.05,2.29,2.26,2.22,1.85,1.78,1.65,1.67,1.51,0.92,1.42,1.33,1.45,InventoryTurnover
6570 維田 (上櫃電腦及週邊設備業),0.78,0.97,1.03,1.02,1.09,0.82,0.89,0.77,0.73,0.72,0.8,0.73,0.83,0.76,0.77,0.63,0.59,0.75,0.65,0.52,0.66,0.65,0.72,0.8,0.88,0.71,0.78,,,,,,,,,,1.22,,1.37,,1.51,,1.63,,1.75,0.78,0.88,0.81,InventoryTurnover
6245 立端 (上櫃通信網路業),0.74,0.74,0.78,0.78,0.72,0.78,0.82,0.53,0.6,0.86,0.81,0.7,0.58,0.65,0.69,0.5,0.6,0.6,0.72,0.56,0.63,0.53,0.7,0.53,0.53,0.71,0.79,0.72,0.78,0.72,0.81,0.76,0.81,0.82,0.92,0.76,0.85,0.74,0.81,0.69,0.82,0.73,0.89,0.73,0.8,0.72,0.64,0.65,InventoryTurnover
通信網路業,2.07,1.69,1.79,1.59,1.63,1.71,1.75,1.44,1.53,1.69,1.89,1.54,1.45,1.34,1.46,1.23,1.22,1.32,1.42,1.23,1.29,1.35,1.52,1.37,1.44,1.47,1.72,1.59,1.98,1.94,2.01,1.77,2.07,1.91,2.2,1.98,1.92,1.83,2.03,1.73,1.91,2.0,2.06,1.81,1.81,1.79,1.74,1.66,InventoryTurnover
3416 融程電 (上市電腦及週邊設備業),0.93,0.9,0.89,0.9,1.0,0.85,0.88,0.79,0.69,0.93,0.89,0.86,0.86,0.86,0.74,0.64,0.61,0.73,0.67,0.63,0.74,0.76,0.71,0.83,0.83,0.93,0.94,1.21,1.1,1.38,1.36,1.1,1.1,1.11,1.24,1.21,1.16,0.94,1.37,1.14,1.07,0.93,1.01,0.94,0.83,0.84,0.92,0.73,InventoryTurnover
電腦及週邊設備業,2.13,1.78,1.93,1.59,1.73,1.84,2.1,1.5,1.84,1.88,2.0,1.5,1.49,1.49,1.63,1.24,1.11,1.27,1.32,1.29,1.39,1.55,1.62,1.46,1.48,1.59,1.59,2.0,1.99,2.11,2.31,2.07,2.1,2.06,2.23,1.87,1.82,1.89,2.1,1.81,1.89,2.09,2.24,1.85,1.91,1.98,1.78,1.79,InventoryTurnover
6680 鑫創電子 (上櫃電腦及週邊設備業),,65.22,88.24,75.0,103.45,78.95,87.38,72.58,73.77,84.11,62.5,108.43,145.16,123.29,128.57,230.77,219.51,169.81,169.81,219.51,160.71,116.88,100.0,145.16,96.77,91.84,90.0,,,,,,,,,,,,,,,,,,,,,,InventoryTurnoverDay
8050 廣積 (上櫃電腦及週邊設備業),125.0,155.17,152.54,160.71,163.64,180.0,132.35,155.17,176.47,157.89,126.76,169.81,89.11,138.46,183.67,163.64,187.5,157.89,152.54,173.08,157.89,142.86,155.17,219.51,169.81,152.54,142.86,120.0,121.62,115.38,109.76,115.38,88.24,103.45,113.92,109.76,115.38,125.0,118.42,113.92,103.45,103.45,115.38,138.46,142.86,111.11,152.54,147.54,InventoryTurnoverDay
3594 磐儀 (上櫃電腦及週邊設備業),138.46,180.0,200.0,250.0,204.55,180.0,150.0,230.77,157.89,195.65,173.08,230.77,187.5,209.3,191.49,250.0,204.55,200.0,155.17,264.71,209.3,204.55,155.17,250.0,173.08,187.5,264.71,195.65,147.54,163.64,140.63,176.47,147.54,195.65,147.54,257.14,243.24,264.71,169.81,225.0,250.0,281.25,195.65,310.34,257.14,187.5,209.3,200.0,InventoryTurnoverDay
3479 安勤 (上櫃電腦及週邊設備業),69.77,82.57,69.23,76.27,70.31,77.59,59.21,66.67,112.5,104.65,100.0,103.45,105.88,104.65,116.88,111.11,109.76,107.14,96.77,104.65,97.83,80.36,85.71,90.0,68.7,59.6,65.22,63.38,64.75,56.25,61.22,60.0,58.06,57.32,52.02,58.06,70.31,56.25,51.14,55.56,62.5,66.18,69.77,74.38,80.36,76.27,75.63,76.92,InventoryTurnoverDay
6414 樺漢 (上市電腦及週邊設備業),42.86,64.29,55.21,73.77,72.58,67.67,55.56,79.65,79.65,70.31,56.6,76.92,72.0,76.27,59.21,81.82,84.91,78.26,95.74,88.24,90.0,88.24,73.17,87.38,90.0,90.0,,,18.37,20.55,34.48,49.45,51.72,40.54,37.82,43.9,39.3,39.82,40.54,48.65,50.56,54.55,53.89,59.6,97.83,63.38,67.67,62.07,InventoryTurnoverDay
6245 立端 (上櫃通信網路業),121.62,121.62,115.38,115.38,125.0,115.38,109.76,169.81,150.0,104.65,111.11,128.57,155.17,138.46,130.43,180.0,150.0,150.0,125.0,160.71,142.86,169.81,128.57,169.81,169.81,126.76,113.92,125.0,115.38,125.0,111.11,118.42,111.11,109.76,97.83,118.42,105.88,121.62,111.11,130.43,109.76,123.29,101.12,123.29,112.5,125.0,140.63,138.46,InventoryTurnoverDay
通信網路業,43.38,53.2,50.28,56.69,55.12,52.62,51.34,62.61,58.89,53.32,47.5,58.39,62.24,67.09,61.52,73.11,73.8,68.26,63.53,72.98,69.64,66.68,59.27,65.51,62.33,61.43,52.26,56.74,45.52,46.39,44.76,50.8,43.49,47.2,40.84,45.34,46.8,49.31,44.38,51.92,47.21,45.06,43.6,49.8,49.83,50.22,51.83,54.24,InventoryTurnoverDay
電腦及週邊設備業,42.24,50.69,46.74,56.69,52.05,48.95,42.86,60.19,48.94,47.95,44.93,60.05,60.32,60.56,55.2,72.7,81.01,70.71,68.4,70.04,64.92,58.18,55.64,61.73,60.79,56.55,56.69,45.06,45.15,42.6,38.89,43.39,42.85,43.78,40.44,48.25,49.48,47.63,42.8,49.8,47.7,42.99,40.18,48.72,47.12,45.45,50.58,50.33,InventoryTurnoverDay
6680 鑫創電子 (上櫃電腦及週邊設備業),,0.53,0.41,0.24,0.19,0.22,0.16,0.17,0.19,0.18,0.19,0.13,0.15,0.2,0.22,0.14,0.18,0.24,0.25,0.17,0.23,0.26,0.24,0.15,0.19,0.14,0.12,,,,,,,,,,,,,,,,,,,,,,TotalAssetTurnover
8050 廣積 (上櫃電腦及週邊設備業),0.23,0.19,0.13,0.13,0.12,0.11,0.15,0.13,0.11,0.12,0.14,0.1,0.19,0.13,0.12,0.14,0.14,0.17,0.16,0.13,0.12,0.11,0.1,0.07,0.1,0.11,0.11,0.22,0.22,0.24,0.26,0.25,0.32,0.27,0.27,0.3,0.27,0.26,0.26,0.27,0.31,0.29,0.25,0.21,0.21,0.28,0.19,0.17,TotalAssetTurnover
3594 磐儀 (上櫃電腦及週邊設備業),0.16,0.15,0.15,0.14,0.16,0.16,0.17,0.11,0.15,0.12,0.13,0.1,0.13,0.12,0.14,0.1,0.13,0.13,0.16,0.1,0.12,0.1,0.13,0.07,0.11,0.11,0.15,0.23,0.31,0.28,0.29,0.23,0.28,0.22,0.28,0.16,0.2,0.16,0.24,0.18,0.16,0.14,0.2,0.12,0.17,0.15,0.11,0.15,TotalAssetTurnover
2397 友通 (上市電腦及週邊設備業),0.2,0.3,0.27,0.28,0.3,0.29,0.33,0.26,0.24,0.25,0.26,0.24,0.34,0.33,0.35,0.3,0.29,0.31,0.33,0.3,0.31,0.33,-0.22,0.21,0.24,0.24,0.25,0.14,0.18,0.2,0.16,0.19,0.19,0.19,0.2,0.19,0.23,0.21,0.21,0.25,0.24,0.23,0.22,0.22,0.23,0.24,0.27,0.29,TotalAssetTurnover
2395 研華 (上市電腦及週邊設備業),0.3,0.29,0.29,0.27,0.29,0.3,0.29,0.23,0.28,0.26,0.26,0.25,0.26,0.28,0.28,0.27,0.27,0.29,0.27,0.26,0.24,0.22,0.22,0.2,0.2,0.22,0.24,0.26,0.3,0.31,0.31,0.29,0.31,0.3,0.3,0.28,0.3,0.29,0.3,0.29,0.3,0.29,0.3,0.26,0.29,0.28,0.27,0.28,TotalAssetTurnover
3088 艾訊 (上櫃電腦及週邊設備業),0.26,0.34,0.31,0.26,0.28,0.28,0.3,0.27,0.26,0.27,0.29,0.23,0.25,0.33,0.29,0.28,0.29,0.3,0.31,0.26,0.29,0.25,0.24,0.2,0.23,0.26,0.27,0.39,0.39,0.46,0.46,0.47,0.46,0.44,0.43,0.43,0.38,0.44,0.48,0.44,0.37,0.42,0.38,0.32,0.28,0.29,0.3,0.3,TotalAssetTurnover
6579 研揚 (上市電腦及週邊設備業),0.22,0.22,0.15,0.15,0.16,0.14,0.16,0.14,0.16,0.15,0.15,0.13,0.14,0.16,0.21,0.19,0.19,0.19,0.2,0.17,0.16,0.14,0.14,0.12,0.12,0.12,0.12,,,,,,,,,,,,,,0.75,0.38,0.3,0.28,0.31,0.26,0.22,0.2,TotalAssetTurnover
3479 安勤 (上櫃電腦及週邊設備業),0.38,0.32,0.4,0.34,0.38,0.37,0.46,0.36,0.24,0.28,0.3,0.29,0.29,0.31,0.32,0.35,0.36,0.37,0.42,0.37,0.34,0.39,0.33,0.27,0.32,0.34,0.3,0.33,0.36,0.46,0.4,0.4,0.42,0.43,0.43,0.36,0.32,0.43,0.47,0.46,0.42,0.37,0.34,0.34,0.35,0.38,0.34,0.36,TotalAssetTurnover
6414 樺漢 (上市電腦及週邊設備業),0.34,0.25,0.32,0.23,0.23,0.24,0.28,0.21,0.22,0.24,0.29,0.22,0.25,0.25,0.31,0.24,0.26,0.3,0.22,0.24,0.25,0.25,0.27,0.24,0.25,0.26,,,0.44,0.5,0.4,0.31,0.37,0.49,0.52,0.43,0.44,0.43,0.45,0.37,0.35,0.32,0.28,0.2,0.14,0.29,0.23,0.29,TotalAssetTurnover
6570 維田 (上櫃電腦及週邊設備業),0.24,0.23,0.28,0.26,0.28,0.24,0.26,0.2,0.2,0.2,0.17,0.15,0.2,0.22,0.23,0.2,0.2,0.26,0.22,0.17,0.2,0.17,0.17,0.18,0.18,0.15,0.15,,,,,,,,,,0.72,,0.76,,0.62,,0.57,,0.61,0.3,0.22,0.21,TotalAssetTurnover
6245 立端 (上櫃通信網路業),0.38,0.35,0.39,0.34,0.3,0.34,0.36,0.26,0.3,0.37,0.31,0.24,0.23,0.29,0.31,0.24,0.31,0.31,0.36,0.25,0.25,0.2,0.23,0.18,0.18,0.23,0.24,0.31,0.33,0.33,0.35,0.31,0.32,0.33,0.38,0.32,0.34,0.34,0.38,0.32,0.36,0.33,0.38,0.3,0.34,0.35,0.3,0.34,TotalAssetTurnover
通信網路業,0.22,0.18,0.2,0.18,0.18,0.19,0.19,0.15,0.16,0.18,0.2,0.17,0.17,0.17,0.19,0.17,0.18,0.2,0.21,0.18,0.18,0.19,0.2,0.17,0.18,0.18,0.21,0.2,0.24,0.22,0.22,0.19,0.22,0.2,0.23,0.2,0.2,0.19,0.21,0.19,0.2,0.2,0.21,0.19,0.2,0.2,0.18,0.18,TotalAssetTurnover
電腦及週邊設備業,0.5,0.41,0.49,0.39,0.41,0.44,0.48,0.35,0.45,0.46,0.48,0.37,0.4,0.43,0.47,0.38,0.37,0.41,0.4,0.35,0.36,0.38,0.38,0.35,0.37,0.4,0.41,0.42,0.42,0.45,0.47,0.4,0.41,0.44,0.48,0.39,0.4,0.44,0.49,0.39,0.4,0.44,0.48,0.39,0.42,0.46,0.4,0.45,TotalAssetTurnover
6680 鑫創電子 (上櫃電腦及週邊設備業),,,,,-53.97,,-48.91,-13.58,34.71,-5.35,24.0,-18.76,-22.09,11.8,20.48,21.73,37.17,45.65,36.05,30.02,31.58,17.57,1.31,-7.56,16.88,4.08,7.43,,,,,,,,,,,,,,,,,,,,,,RevenueYOY
8050 廣積 (上櫃電腦及週邊設備業),1.17,0.05,-13.21,5.88,-3.42,-22.02,13.3,9.83,0.9,22.01,15.84,0.63,114.92,35.38,-2.66,41.83,-25.72,32.96,53.01,8.97,4.73,-19.62,-31.49,-39.01,-14.49,-5.73,9.27,,,,,26.62,71.65,30.39,23.33,39.17,0.95,12.86,5.45,-1.33,22.16,22.99,9.74,-11.28,-28.31,9.51,-9.3,-20.97,RevenueYOY
6922 宸曜 (上櫃電腦及週邊設備業),,,,,,,,,,,,,,,,,,,,,-58.21,,-61.22,17.94,43.67,38.8,49.68,,,,,,,,,,,,,,,,,,,,,,RevenueYOY
2397 友通 (上市電腦及週邊設備業),-9.78,43.65,53.38,24.69,22.31,16.04,79.83,50.72,16.81,27.57,-6.66,-7.73,60.32,83.29,100.36,92.76,17.76,9.45,3.68,-1.31,-2.36,-4.19,-153.34,-50.1,-42.36,-35.62,228.76,,,,,36.01,5.71,-4.51,25.63,7.93,33.14,19.96,12.48,36.98,16.99,21.49,18.49,-4.56,-2.33,5.22,25.87,39.22,RevenueYOY
8234 新漢 (上櫃電腦及週邊設備業),-7.12,-2.49,17.23,8.64,24.36,-0.1,4.56,-1.88,-9.94,-2.48,-12.23,-13.24,-8.29,9.36,14.37,29.4,30.49,13.59,1.52,-3.56,-26.67,-32.22,-41.83,-29.99,-20.41,7.22,28.27,,,,,21.49,24.28,45.23,26.47,7.92,3.6,-9.21,7.61,-1.95,2.3,23.6,18.55,12.74,8.32,6.97,0.4,0.65,RevenueYOY
6166 凌華 (上市電腦及週邊設備業),-3.5,-1.4,9.86,17.78,-4.61,-4.22,-5.03,-6.83,-15.88,-4.84,-5.46,-15.43,4.96,0.34,11.24,23.07,23.4,33.57,8.7,11.55,5.44,-12.72,-11.07,-28.68,-14.22,-8.95,5.01,,,,,23.54,24.14,19.16,30.16,30.84,6.15,14.49,3.45,-5.52,-1.94,-1.31,32.42,11.59,15.91,25.43,-1.85,-13.23,RevenueYOY
3479 安勤 (上櫃電腦及週邊設備業),17.14,0.86,8.34,3.59,25.55,18.01,39.54,25.4,-31.76,-27.75,-45.19,-30.58,15.12,19.39,32.25,55.42,63.3,56.78,63.49,25.98,6.51,11.17,-18.33,-25.18,-3.65,-4.45,3.51,,,,,10.12,11.62,-5.63,28.85,22.79,-1.1,24.9,28.91,42.69,52.29,-1.85,-20.66,-19.56,-14.97,6.96,4.71,-0.24,RevenueYOY
6414 樺漢 (上市電腦及週邊設備業),282.27,246.74,55.22,62.65,27.6,3.26,4.51,1.49,-0.89,2.42,8.11,13.0,22.88,10.8,13.62,20.21,17.69,37.36,-17.22,17.38,7.91,-6.84,37.14,14.83,25.41,25.86,,,,,,,23.73,50.99,200.19,244.65,173.44,115.07,54.97,30.67,36.78,36.58,21.43,17.18,18.4,211.12,196.24,68.06,RevenueYOY
6245 立端 (上櫃通信網路業),10.0,19.29,20.28,27.26,-5.32,3.73,-5.51,-19.95,1.6,11.44,-3.96,11.49,-7.33,-5.67,12.19,4.25,44.69,24.87,36.38,22.4,-5.44,-29.46,-31.11,-24.88,-25.81,14.31,-2.66,,,,,23.39,15.02,7.9,19.29,16.53,23.24,23.33,17.12,17.87,21.6,6.2,6.58,1.01,-3.77,13.09,8.66,14.11,RevenueYOY
通信網路業,-0.05,-6.61,-3.94,0.37,-1.01,1.46,-5.52,-8.83,-2.77,3.22,11.83,15.82,7.91,1.01,3.81,7.36,12.51,19.74,14.4,10.41,3.1,-4.89,-3.34,-0.94,5.57,4.18,7.32,,,,,-3.16,-4.02,-4.28,4.44,7.14,-9.36,-5.34,-6.72,-9.26,-5.01,0.91,-4.41,-4.1,-3.63,-3.39,-4.54,-5.72,RevenueYOY
3416 融程電 (上市電腦及週邊設備業),7.14,18.28,10.32,3.12,13.43,15.69,-4.81,-12.8,-16.8,35.07,39.87,67.06,64.53,22.88,9.6,0.52,-0.69,11.85,12.51,6.52,13.44,-11.11,-13.66,11.84,7.52,15.41,37.77,,,,,-6.11,8.14,-2.53,6.93,16.41,-1.22,-20.97,8.95,-10.72,-8.71,-2.78,-19.75,3.06,-0.39,10.7,10.95,3.28,RevenueYOY
電腦及週邊設備業,8.73,5.65,5.18,0.92,5.05,-1.07,-1.93,-11.64,10.72,10.29,9.35,22.02,-0.76,2.16,10.02,17.93,6.67,8.59,-12.72,-10.26,-8.67,-12.06,-6.23,-0.7,11.73,17.59,21.94,,,,,0.29,4.4,4.42,9.36,5.64,0.71,4.72,2.33,-5.36,-4.56,-2.8,-2.47,3.92,10.12,12.07,8.88,2.8,RevenueYOY
6680 鑫創電子 (上櫃電腦及週邊設備業),,,,,-53.66,,-48.53,-13.08,31.3,-0.61,7.91,-28.94,-21.91,-9.53,20.87,19.23,22.51,49.43,59.3,39.0,31.48,26.57,-13.05,-4.8,31.04,12.32,19.07,,,,,,,,,,,,,,,,,,,,,,GrossProfitYOY
6166 凌華 (上市電腦及週邊設備業),-22.82,-9.22,11.93,30.42,13.57,8.02,10.77,-7.75,-18.76,-5.94,-11.36,-10.86,-6.21,-12.73,1.57,-1.47,36.17,40.38,8.82,25.75,-1.89,-10.94,-12.76,-27.03,-13.11,-5.26,9.83,,,,,32.54,25.3,22.16,30.15,33.73,1.95,8.66,7.52,-3.93,5.33,5.84,39.36,-2.26,1.61,9.07,-11.52,-14.39,GrossProfitYOY
3088 艾訊 (上櫃電腦及週邊設備業),-24.59,39.09,37.72,0.45,2.02,6.61,-2.3,-4.66,-9.6,-12.0,-6.89,-0.46,-7.46,33.5,13.35,38.48,28.35,15.19,45.44,4.85,38.66,6.28,-11.19,4.85,-10.41,12.02,17.84,,,,,28.58,27.13,8.11,10.1,3.18,-5.16,22.48,28.97,16.3,4.01,-0.01,-8.9,-17.95,-21.49,-24.51,-2.33,20.45,GrossProfitYOY
6579 研揚 (上市電腦及週邊設備業),-21.03,-8.93,16.38,31.98,26.34,-8.04,17.8,-7.56,-2.68,-5.25,-10.23,-17.49,-28.73,1.06,30.35,47.44,100.68,41.41,23.51,12.54,-3.72,18.14,-9.39,-1.55,-1.44,-22.65,-8.92,,,,,,,,,,,,,,,,,,-47.28,-14.11,-8.16,27.41,GrossProfitYOY
6414 樺漢 (上市電腦及週邊設備業),306.82,375.05,70.95,29.97,23.97,18.45,21.56,20.03,10.37,-6.38,-0.72,4.23,10.55,8.69,-3.44,7.36,6.37,17.25,-43.67,8.01,4.69,2.57,101.57,19.41,18.82,26.35,,,,,,,13.25,27.09,125.45,190.77,127.6,117.75,72.49,50.66,70.12,48.31,10.39,1.08,-8.7,377.92,344.31,17.1,GrossProfitYOY
電腦及週邊設備業,-7.38,5.52,1.46,-3.16,7.1,10.9,13.62,-4.09,22.81,19.89,17.18,55.15,16.29,7.34,15.29,7.96,-3.44,3.34,-11.92,-13.5,-1.33,2.23,8.7,15.18,22.42,18.04,16.96,,,,,1.97,14.86,10.91,17.85,10.1,-4.28,6.21,6.08,0.39,3.73,-1.16,-3.14,-6.99,-7.38,-0.48,-0.39,-1.4,GrossProfitYOY
6680 鑫創電子 (上櫃電腦及週邊設備業),,,,,-58.79,,-44.51,-31.3,75.74,-11.62,-2.66,-77.64,-48.83,-50.85,27.36,-0.89,4.16,116.54,101.57,221.68,43.52,38.44,-34.23,-132.91,14.24,3.9,-31.34,,,,,,,,,,,,,,,,,,,,,,OperatingIncomeYOY
8050 廣積 (上櫃電腦及週邊設備業),-47.47,-90.39,-76.65,101.38,336.88,-59.47,30.87,-27.34,-154.94,-221.15,-219.69,-143.73,214.59,224.66,536.55,1097.62,977.11,538.99,171.32,10.57,-67.14,-64.11,-74.43,-102.1,18.88,-32.97,-161.64,,,,,36.24,135.8,-8.97,31.44,77.48,-35.42,65.59,13.95,20.43,202.37,38.71,-4.67,-29.6,-72.59,-22.05,-79.49,-48.51,OperatingIncomeYOY
2397 友通 (上市電腦及週邊設備業),-20.22,54.94,70.85,17.42,4.73,3.44,-26.3,-1.63,-48.99,-17.83,25.2,-39.57,51.83,-5.36,-68.53,14.07,-16.2,38.42,319.79,42.59,-24.2,-65.41,-28.43,-62.71,-3.16,139.03,93.09,,,,,83.97,31.58,4.29,63.85,22.63,17.44,15.19,-9.49,109.64,49.63,54.68,42.85,-30.15,-6.84,3.98,21.57,21.68,OperatingIncomeYOY
8234 新漢 (上櫃電腦及週邊設備業),-71.93,-173.01,69.36,269.93,402.6,125.06,98.68,-46.96,-3.7,-31.72,-38.7,-258.67,-74.05,101.88,20.27,322.1,713.73,-7.66,20.01,104.57,-53.95,-41.17,-155.02,-153.48,-266.82,-87.42,148.16,,,,,23.97,108.05,482.09,-34.27,-41.52,-28.38,-63.49,267.8,51.73,-15.29,90.59,17.17,-58.49,-57.09,-36.19,-208.68,-27.12,OperatingIncomeYOY
6414 樺漢 (上市電腦及週邊設備業),139.63,81.19,38.62,-4.57,98.3,-4.85,14.6,8.5,22.16,11.73,-1.12,-2.87,5.76,-8.65,-35.73,21.78,22.78,34.9,-99.32,75.8,29.62,13.81,20460.33,-24.47,-21.23,24.21,,,,,,,28.96,40.64,137.42,213.27,94.79,88.64,45.63,55.29,50.1,34.98,-6.43,-28.04,-54.01,57.27,102.32,48.01,OperatingIncomeYOY
6245 立端 (上櫃通信網路業),30.64,62.06,12.86,104.99,6.68,25.47,-2.85,-26.35,9.0,24.54,-15.83,25.63,-43.11,-39.38,53.72,-13.76,225.75,130.26,80.83,187.35,20.48,-27.89,-43.17,-45.91,-51.52,20.36,30.31,,,,,6.29,-28.77,-32.37,25.47,23.87,3.24,83.25,-5.08,14.7,52.18,-6.58,56.07,3.97,-0.86,25.46,-31.5,15.3,OperatingIncomeYOY
通信網路業,-38.9,-19.73,57.97,17.99,4.29,5.37,8.04,-0.05,6.44,14.04,15.34,11.67,0.2,-3.45,0.98,10.9,27.75,24.38,30.53,22.1,-1.11,-5.97,-8.34,-10.04,6.52,8.95,15.61,,,,,-4.74,4.03,-4.26,-15.43,4.78,-32.56,-8.5,-8.08,-8.03,6.56,6.81,-4.57,-0.75,7.26,-6.91,-33.26,-11.35,OperatingIncomeYOY
電腦及週邊設備業,-24.48,1.5,19.74,-19.63,13.27,30.81,15.6,-17.67,79.18,43.27,31.78,193.93,18.48,5.62,22.15,6.16,-15.22,-8.41,-29.59,-32.86,-5.53,7.26,20.01,38.69,42.91,34.0,11.26,,,,,3.4,40.4,18.19,66.43,23.4,-15.14,15.4,14.3,2.05,9.19,6.39,-5.37,-12.33,-17.26,-19.01,-18.28,-2.78,OperatingIncomeYOY
3594 磐儀 (上櫃電腦及週邊設備業),-223.86,-48.16,123.3,137.3,-7.03,-63.05,-131.26,-304.34,-31.94,160.72,115.41,68.83,-38.37,-101.57,2827.69,246.36,92.1,17961.04,80.36,168.33,182.51,-40.84,-100.54,-51.88,-29.08,-69.22,41928.29,,,,,94.56,-34.76,8.75,128.54,-291.34,-35.87,-96.37,4.45,107.71,-80.05,-5977.63,11.52,-4832.66,1665.25,1002.77,50.4,-90.74,NetProfitYOY
8234 新漢 (上櫃電腦及週邊設備業),-48.44,-52.36,52.19,139.67,49.97,44.29,-3.83,-67.87,-28.05,-1.22,25.13,-384.57,-47.04,120.33,13.8,370.74,370.29,607.74,-44.1,45.06,-78.77,-86.3,-220.19,-115.0,-86.04,-91.25,188.32,,,,,14.54,81.38,2351.33,10.89,-96.98,-55.26,-72.79,34.84,1863.05,32.59,-51.69,16.0,-203.57,54.77,43.92,137.82,-39.9,NetProfitYOY
6579 研揚 (上市電腦及週邊設備業),1.85,54.04,-51.47,-7.34,-69.11,-22.03,159.83,-113.57,141.51,-6.67,-27.87,224.42,-88.59,12.87,126.77,245.57,943.02,278.17,-1.17,125.14,18.37,-10.06,-64.51,41.26,-22.72,-88.81,187.13,,,,,,,,,,,,,,,,,,-15.86,-9.62,204.77,-10.32,NetProfitYOY
6245 立端 (上櫃通信網路業),4.51,75.98,17.33,121.1,-0.97,19.9,-4.89,-36.63,93.95,23.17,-10.06,42.79,-60.84,-35.45,52.52,-0.78,174.26,173.19,38.06,129.27,25.51,-31.2,-35.2,-18.26,-36.37,-0.85,27.73,,,,,7.91,-53.97,-1.64,53.84,-12.47,0.05,74.01,-19.48,5.09,174.53,-11.19,33.07,-9.84,-26.77,6.49,-7.4,10.83,NetProfitYOY
通信網路業,-29.98,-9.04,17.18,-56.15,-6.1,4.12,1.4,-5.93,3.79,10.85,16.45,14.11,0.05,1.49,11.08,7.35,20.86,20.41,2.92,11.27,4.86,-7.27,-5.33,1.46,6.68,0.73,23.36,,,,,-3.69,-1.17,-2.42,-49.15,0.92,-44.28,0.24,25.27,0.23,17.94,-2.72,-6.76,-13.96,3.45,-1.16,82.74,-11.27,NetProfitYOY
電腦及週邊設備業,-7.84,9.57,-13.68,-10.21,1.96,18.75,37.61,-12.89,68.15,45.92,44.55,148.15,41.49,17.5,30.65,-3.13,-29.38,12.62,-34.95,-33.65,4.63,-11.57,6.81,60.12,43.15,11.42,29.78,,,,,-19.11,7.18,53.57,21.54,23.07,-11.17,2.61,-7.28,-10.49,3.71,-7.55,-1.56,-14.21,-3.89,-8.23,5.12,4.31,NetProfitYOY
3088 艾訊 (上櫃電腦及週邊設備業),-50.46,-85.61,170.37,39.05,53.96,3.25,-39.04,-43.84,-37.38,-41.73,-7.87,74.39,-58.96,113.51,21.95,3.5,61.82,34.81,115.0,-8.78,169.66,5.16,-28.84,7.41,-32.08,-1.79,47.06,,,,,53.41,30.11,28.28,35.29,-16.3,-19.83,49.61,50.0,19.47,0.0,-39.47,-21.01,-74.07,895.88,0.87,200.0,6.03,EPSYOY
3479 安勤 (上櫃電腦及週邊設備業),49.23,46.55,28.87,35.82,78.82,167.11,75.2,53.85,-75.66,-63.05,-68.04,-80.71,10.81,10.67,102.86,451.85,360.98,144.58,75.35,71.81,-7.41,22.66,-36.55,-54.3,-7.43,-20.48,32.28,,,,,-23.4,-1.25,-19.53,54.84,0.0,-24.05,52.43,51.04,109.72,156.67,-33.76,-55.17,-72.85,-62.34,31.73,63.41,-44.53,EPSYOY
6570 維田 (上櫃電腦及週邊設備業),-78.65,-35.09,421.05,244.0,148.65,26.32,-24.24,-60.47,-36.96,-54.17,-96.0,52.94,37.93,409.09,3700.0,59.62,30.0,114.29,-11.4,-7.23,5.77,-62.5,-85.15,-31.17,-75.45,-52.22,146.67,,,,,,,,,,,,,,75.56,,-46.06,,-27.85,,,-19.15,EPSYOY
6245 立端 (上櫃通信網路業),-1.54,94.12,13.28,126.19,-9.09,11.93,-13.79,-35.79,75.56,31.15,0.0,47.54,-55.7,-33.75,59.2,5.56,180.0,169.81,37.19,127.37,25.0,-35.31,-50.18,-33.8,-48.16,-14.59,33.82,,,,,-7.45,-61.05,-14.44,35.45,-22.99,-10.81,61.04,-26.17,-2.99,157.58,-17.74,18.18,-23.08,-40.0,1.96,-16.0,4.81,EPSYOY
通信網路業,-23.63,4.05,-7.5,-14.27,-15.76,25.16,-6.5,-50.73,11.22,12.87,25.68,44.87,-18.28,-13.21,9.69,14.34,41.77,54.03,-5.81,-5.37,-11.04,-26.08,-21.29,3.51,13.44,-8.99,37.33,,,,,-4.58,-20.56,-5.26,-4.16,-7.37,-20.22,49.79,-6.76,12.57,14.79,-26.94,5.65,-48.19,-7.73,-1.99,42.73,-24.44,EPSYOY
3416 融程電 (上市電腦及週邊設備業),-2.9,32.65,43.28,33.33,47.69,35.48,-21.88,-8.75,-16.67,25.0,29.33,54.79,66.25,47.62,6.19,5.31,-3.76,44.52,46.6,26.89,53.13,-8.48,-26.49,12.58,-13.27,-1.95,45.95,,,,,-23.73,-18.02,9.02,-8.7,-4.44,-16.48,-31.58,-5.71,-5.81,21.05,-29.67,-30.3,-38.27,-46.74,-18.75,20.0,19.23,EPSYOY
電腦及週邊設備業,-24.98,10.07,-10.72,-13.99,-9.15,13.27,17.59,-9.86,49.37,32.26,34.64,83.42,21.36,1.61,31.86,10.55,-11.5,31.54,-25.82,-25.84,-9.57,-15.56,-15.75,33.36,21.76,-0.77,41.75,,,,,-0.57,-1.67,35.44,17.93,-8.31,-17.26,-1.7,-6.7,-4.02,16.62,-17.55,16.75,-30.27,-4.73,20.66,31.34,-16.6,EPSYOY
6680 鑫創電子 (上櫃電腦及週邊設備業),,38.73,19.6,11.57,9.12,18.64,-25.87,21.61,6.53,9.65,1.1,4.65,-10.57,-14.35,10.43,-16.64,0.42,19.15,13.02,-1.27,26.95,24.65,23.71,-2.57,16.7,16.79,-0.56,,,,,,,,,,,,,,,,,,,,,,OperatingCashflowToCurrentLiability
2397 友通 (上市電腦及週邊設備業),-5.84,0.45,15.33,29.61,15.96,24.46,16.26,2.56,2.51,-2.17,14.59,3.57,-11.45,-4.99,-7.22,-3.47,-2.78,11.04,7.63,10.39,8.71,8.26,10.02,5.77,8.27,5.01,6.06,-35.42,-4.84,15.44,1.64,2.22,-6.65,77.53,46.5,54.75,-20.81,79.72,22.84,8.05,5.01,41.41,-6.69,10.48,-6.23,57.75,-0.14,73.29,OperatingCashflowToCurrentLiability
8234 新漢 (上櫃電腦及週邊設備業),2.0,3.1,-4.08,2.63,4.0,3.63,0.84,9.38,-0.14,6.55,10.4,-0.89,1.51,-9.81,-3.64,-3.1,2.5,3.39,6.25,7.77,3.46,9.1,16.86,5.69,-2.61,-3.94,4.35,8.17,5.13,3.33,8.13,8.82,-3.85,-11.29,10.0,6.04,-4.9,8.65,2.59,8.56,-1.04,-1.09,-9.96,5.79,-1.1,0.0,4.36,-5.19,OperatingCashflowToCurrentLiability
6166 凌華 (上市電腦及週邊設備業),-4.86,-0.49,1.45,6.86,4.93,11.81,19.16,22.46,-12.74,1.11,8.09,6.37,-5.2,-9.23,-10.37,-1.62,-1.38,9.39,13.3,5.09,2.73,-2.36,5.77,3.48,6.23,4.4,12.03,8.95,1.67,11.6,12.63,10.8,0.27,3.23,5.24,18.08,0.49,0.72,7.94,14.5,-6.36,11.83,3.13,10.63,3.83,0.85,-0.06,4.02,OperatingCashflowToCurrentLiability
6579 研揚 (上市電腦及週邊設備業),17.14,-4.26,3.51,19.38,9.35,18.55,1.33,10.58,-3.42,20.29,38.54,16.2,-17.5,-11.29,-6.34,11.1,-0.7,23.08,12.32,39.91,13.74,43.79,13.29,36.71,8.73,-13.34,20.27,,,,,,,,,,,,,,16.83,15.94,26.07,-5.99,9.91,25.33,-6.31,28.05,OperatingCashflowToCurrentLiability
3479 安勤 (上櫃電腦及週邊設備業),-0.57,6.46,-13.77,28.48,16.0,11.53,3.79,14.99,1.74,-1.67,13.21,3.57,-0.92,0.16,-24.5,-2.63,5.34,2.18,10.27,16.51,20.1,14.19,-9.05,37.33,5.4,8.25,-7.51,11.17,1.26,28.62,-14.13,2.19,8.74,0.72,-33.88,15.14,-7.92,25.67,3.89,2.25,28.67,50.27,-45.49,9.51,0.39,20.44,22.03,9.91,OperatingCashflowToCurrentLiability
6414 樺漢 (上市電腦及週邊設備業),17.66,-0.32,8.64,0.41,-4.95,6.67,10.49,-0.13,0.47,2.3,9.94,-2.05,-1.23,-2.52,9.2,-7.48,4.83,-7.24,7.87,4.35,-2.84,-1.42,11.81,-0.73,5.74,2.91,,,36.95,-11.52,32.75,-23.39,-19.38,3.43,14.53,30.55,16.33,14.79,7.22,5.28,5.11,-9.42,9.55,11.43,-2.74,-0.48,-3.82,1.1,OperatingCashflowToCurrentLiability
6570 維田 (上櫃電腦及週邊設備業),19.57,7.91,19.48,19.46,8.72,-1.93,20.27,20.62,10.59,6.25,1.59,-1.24,6.64,13.23,11.12,3.24,2.28,20.47,58.98,-1.97,20.58,26.0,24.22,-1.42,20.73,18.39,19.57,,,,,,,,,,3.37,,45.47,,14.32,,53.77,,-6.02,-3.53,9.7,22.97,OperatingCashflowToCurrentLiability
6245 立端 (上櫃通信網路業),18.17,3.19,12.82,1.26,2.86,6.41,18.04,3.78,-15.81,27.58,3.58,-11.24,-0.28,-9.7,25.9,-19.35,0.52,21.69,28.09,16.35,9.85,17.52,15.8,7.49,0.52,0.1,11.39,6.83,2.67,-3.74,-4.14,25.44,-4.08,-1.05,16.46,7.3,6.0,7.58,-0.74,7.13,3.64,14.68,16.58,-10.66,-6.75,13.2,-10.63,14.18,OperatingCashflowToCurrentLiability
通信網路業,12.74,7.13,9.77,10.5,7.83,14.41,15.82,8.35,5.06,10.58,15.79,5.72,6.77,9.48,10.89,5.39,6.05,11.55,14.73,8.12,10.53,14.12,12.45,11.65,6.84,11.11,14.28,4.08,5.38,11.2,15.4,3.52,8.98,10.27,13.83,6.03,7.3,10.23,11.59,8.33,7.55,8.9,17.25,7.73,5.84,9.66,7.09,10.89,OperatingCashflowToCurrentLiability
3416 融程電 (上市電腦及週邊設備業),38.55,13.87,3.58,31.33,12.34,27.65,-26.44,24.93,1.91,27.9,21.61,-11.04,7.23,21.56,33.07,-22.47,11.19,17.35,17.71,6.36,11.53,34.16,23.55,3.98,8.28,49.31,22.91,29.27,10.88,11.98,30.1,-9.69,9.48,-15.88,28.5,34.74,5.17,56.8,7.0,68.13,-11.78,79.76,54.25,-27.78,12.91,11.99,-23.32,18.62,OperatingCashflowToCurrentLiability
電腦及週邊設備業,2.48,-2.18,1.93,1.59,2.57,2.86,7.16,2.07,-2.84,4.98,4.44,-0.54,-1.5,3.41,0.86,-2.46,-1.07,7.28,7.13,4.88,2.9,5.18,7.85,1.5,-1.3,0.22,3.38,1.41,4.41,2.37,3.66,3.72,1.0,1.21,3.21,0.15,0.97,0.89,5.21,6.9,0.43,4.35,5.74,0.02,-0.61,0.28,0.47,0.68,OperatingCashflowToCurrentLiability
6922 宸曜 (上櫃電腦及週邊設備業),,,,,,,,,,,,,,,,,10.45,,57.78,3.01,21.34,12.65,-35.35,12.68,19.97,-11.18,0.04,,,,,,,,,,,,,,,,,,,,,,OperatingCashflowToLiability
3594 磐儀 (上櫃電腦及週邊設備業),5.9,6.96,-4.71,-4.36,-0.11,9.43,4.26,-0.9,-6.14,3.46,2.81,-3.58,-1.86,-8.94,0.82,5.92,-0.76,6.75,4.15,4.89,4.97,9.08,2.28,13.7,-1.81,-2.14,1.49,-3.55,3.32,-21.62,13.41,5.86,1.11,-11.26,-13.24,-20.86,-12.02,-3.93,0.68,0.11,-1.51,1.71,-3.55,-1.98,-6.99,-0.85,-2.62,1.12,OperatingCashflowToLiability
6579 研揚 (上市電腦及週邊設備業),14.92,-3.92,3.32,17.91,8.87,16.85,1.2,9.67,-3.2,18.36,34.83,14.23,-14.95,-9.26,-5.28,9.38,-0.6,19.05,10.02,32.36,11.24,33.38,10.0,28.43,7.39,-10.27,15.08,,,,,,,,,,,,,,15.93,14.96,24.64,-5.61,8.88,21.57,-5.43,25.44,OperatingCashflowToLiability
6414 樺漢 (上市電腦及週邊設備業),10.32,-0.29,7.94,0.3,-3.2,4.37,7.23,-0.09,0.32,1.62,6.71,-1.51,-0.92,-1.88,6.29,-5.13,3.37,-5.34,5.93,3.53,-2.35,-1.12,9.37,-0.53,4.0,2.02,,,36.73,-11.44,32.63,-23.33,-19.34,3.41,14.46,24.92,11.65,11.2,6.18,4.95,3.57,-6.53,7.65,4.7,-1.74,-0.27,-2.41,1.0,OperatingCashflowToLiability
電腦及週邊設備業,2.27,-1.98,1.74,1.41,2.28,2.56,6.35,1.83,-2.57,4.53,3.94,-0.48,-1.33,3.02,0.77,-2.19,-0.95,6.44,6.26,4.28,2.53,4.53,6.78,1.3,-1.13,0.19,2.89,1.25,3.92,2.09,3.22,3.27,0.89,1.08,2.9,0.14,0.88,0.81,4.64,6.13,0.39,3.92,5.2,0.02,-0.55,0.26,0.43,0.62,OperatingCashflowToLiability
3088 艾訊 (上櫃電腦及週邊設備業),520.21,188.53,296.47,-108.05,60.16,70.77,81.36,-48.12,103.18,208.53,490.34,-256.3,-199.07,154.76,658.14,-347.34,159.79,64.95,230.58,-85.18,34.58,259.93,218.9,146.66,49.68,132.67,170.63,-2.13,126.26,-68.05,183.42,109.6,74.18,54.78,42.24,208.18,25.72,73.21,216.87,26.7,144.45,250.14,92.96,149.35,-15.2,165.77,-69.58,157.87,OperatingCashflowToNetProfit
6579 研揚 (上市電腦及週邊設備業),107.39,-21.72,56.88,108.67,177.72,262.41,7.9,-386.83,-23.48,247.39,280.49,464.47,-1126.25,-158.48,-28.39,133.11,-4.97,108.75,60.98,191.5,98.42,241.86,189.64,159.21,100.86,-651.14,97.91,,,,,,,,,,,,,,89.64,116.36,212.27,-72.31,62.72,167.21,-20.69,320.87,OperatingCashflowToNetProfit
3479 安勤 (上櫃電腦及週邊設備業),-6.53,105.99,-143.27,428.26,185.23,121.2,32.54,218.67,72.86,-26.91,194.09,181.82,-33.3,3.59,-401.31,-51.77,89.2,35.3,109.31,214.17,331.81,157.56,-135.67,665.51,76.54,97.51,-95.91,185.21,29.31,343.01,-168.65,29.04,156.99,11.4,-348.97,177.85,-139.87,170.04,31.62,18.54,308.21,538.89,-731.43,221.76,8.29,184.14,460.24,186.17,OperatingCashflowToNetProfit
6414 樺漢 (上市電腦及週邊設備業),370.95,-23.59,385.47,29.14,-272.0,305.01,424.08,-9.32,25.24,130.44,370.41,-173.96,-76.43,-141.15,371.32,-458.34,212.74,-288.94,65.33,225.01,-107.63,-52.59,647.11,-35.91,309.94,106.55,,,258.38,-79.28,219.69,-168.82,-102.72,19.4,101.68,235.59,127.23,103.26,68.02,62.59,56.54,-98.54,179.85,263.72,-135.94,-13.33,-154.83,54.87,OperatingCashflowToNetProfit
6570 維田 (上櫃電腦及週邊設備業),379.13,108.51,96.24,124.49,70.55,-25.46,126.81,307.34,114.23,162.96,349.62,-17.26,57.66,90.63,72.03,31.88,22.13,74.24,383.01,-24.85,179.38,150.24,743.71,-20.26,748.55,222.98,265.04,,,,,,,,,,41.92,,146.08,,113.57,,213.46,,-63.52,-28.32,145.62,255.67,OperatingCashflowToNetProfit
6245 立端 (上櫃通信網路業),246.63,67.68,183.64,19.54,59.78,87.53,248.88,103.23,-159.76,336.18,58.25,-214.68,-9.21,-195.17,343.65,-409.59,6.91,195.95,383.43,245.82,136.91,326.05,225.76,101.13,8.95,1.02,102.6,99.62,45.0,-73.5,-53.33,372.41,-130.85,-17.46,187.86,160.96,315.36,105.28,-12.24,179.07,85.85,214.13,214.77,-249.97,-198.34,215.69,-302.75,266.94,OperatingCashflowToNetProfit
通信網路業,597.9,163.18,246.0,238.92,192.24,301.45,370.83,239.25,121.37,211.06,333.12,138.01,178.01,194.7,210.81,123.7,131.68,206.09,308.91,168.01,209.36,261.94,247.02,238.16,138.72,205.55,235.01,76.27,104.76,211.62,301.78,66.98,166.91,210.31,569.69,115.84,256.96,200.94,252.64,143.99,166.86,167.57,393.89,154.29,119.64,175.83,61.51,241.73,OperatingCashflowToNetProfit
3416 融程電 (上市電腦及週邊設備業),321.0,170.64,20.62,220.12,115.67,236.46,-152.54,162.4,20.72,173.26,170.4,-66.28,62.08,106.9,328.41,-276.91,168.76,120.59,194.75,67.23,86.84,159.88,213.61,35.51,72.97,201.94,157.46,206.64,105.55,51.64,138.89,-54.34,79.71,-50.94,127.56,179.81,55.81,248.19,31.02,323.68,-97.4,513.5,396.18,-234.31,199.06,98.71,-151.78,144.75,OperatingCashflowToNetProfit
電腦及週邊設備業,166.0,-165.44,164.14,147.93,192.74,152.55,391.91,224.21,-131.64,199.29,193.84,-23.48,-52.51,127.04,32.96,-134.13,-62.18,262.07,387.39,356.46,133.53,188.37,355.76,64.21,-45.37,7.92,145.89,79.72,274.86,334.11,239.2,270.0,61.74,61.93,172.3,9.02,69.55,46.79,268.96,415.23,27.69,234.38,318.52,1.36,-45.33,18.92,37.93,46.1,OperatingCashflowToNetProfit
